"N.F.","N.F."
"A.C.","A.C."
"J.K.","J.K."
"M.S.","M.S."
"Launa Withers","L.W."
"Brendan Hage","B.H."
"Rudolf Akiyama","R.A."
"L.C.","L.C."
"Madelaine Ghoston","M.G."
"Salley Hornak","S.H."
"C.S.","C.S."
"Jeff Quashie","J.Q."
"V.B.","V.B."
"K.L.","K.L."
"T.D.","T.D."
"C.H.","C.H."
"K.H.","K.H."
"Lashanda Cortes","L.C."
"Mackenzie Spell","M.S."
"G.B.","G.B."
"Desiree Seamons","D.S."
"Jeanice Soderstrom","J.S."
"Jacqualine Olague","J.O."
"J.C.","J.C."
"Samuel Richert","S.R."
"M.M.","M.M."
"Alaina Partida","A.P."
"T.M.","T.M."
"Carlene Garrard","C.G."
"Melodi Chism","M.C."
"Bess Chilcott","B.C."
"Chong Aylward","C.A."
"J.R.","J.R."
"J.H.","J.H."
"H.M.","H.M."
"Andria Spagnoli","A.S."
"G.M.","G.M."
"S.R.","S.R."
"Rae Mcgaughey","R.M."
"Cruz Latimore","C.L."
"Maryann Casler","M.C."
"A.G.","A.G."
"J.P.","J.P."
