"FreeHafer","FreeHafer"
"Cencici","Cencici"
"Sergienko","Sergienko"
"Withers","Withers"
"Edison","Edison"
"Hage","Hage"
"Lango","Lango"
"Constable","Constable"
"Madelaine Ghoston","Ghoston"
"Micha Junkin","Junkin"
"Teddy Bobo","Bobo"
"Quashie","Quashie"
"Babiarz","Babiarz"
"Karrie Lain","Lain"
"Tobias Dermody","Dermody"
"Celsa Hopkins","Hopkins"
"Halpern","Halpern"
"Rowden","Rowden"
"Elias Neil","Neil"
"Lashanda Cortes","Cortes"
"Spell","Spell"
"Kathlyn Eccleston","Eccleston"
"Brescia","Brescia"
"Beata Miah","Miah"
"Jeanice Soderstrom","Soderstrom"
"Mariel Jurgens","Jurgens"
"Bogle","Bogle"
"Jacqualine Olague","Olague"
"Clasen","Clasen"
"Marcus","Marcus"
"Partida","Partida"
"Garrard","Garrard"
"Aylward","Aylward"
"Ramthun","Ramthun"
"Heintz","Heintz"
"Marquess","Marquess"
"Spagnoli","Spagnoli"
"Montiel","Montiel"
"Reily","Reily"
"Mcgaughey","Mcgaughey"
"Casler","Casler"
"Jenee Pannell","Pannell"
