"Launa,Withers","Withers Launa"
"Brendan,Hage","Hage Brendan"
"Lango Bradford","Lango Bradford"
"Lara,Constable","Constable Lara"
"Junkin Micha","Junkin Micha"
"Teddy,Bobo","Bobo Teddy"
"Coralee,Scalia","Scalia Coralee"
"Quashie Jeff","Quashie Jeff"
"Babiarz Vena","Babiarz Vena"
"Karrie,Lain","Lain Karrie"
"Tobias,Dermody","Dermody Tobias"
"Hopkins Celsa","Hopkins Celsa"
"Halpern Kimberley","Halpern Kimberley"
"Rowden Phillip","Rowden Phillip"
"Lashanda,Cortes","Cortes Lashanda"
"Eccleston Kathlyn","Eccleston Kathlyn"
"Georgina,Brescia","Brescia Georgina"
"Miah Beata","Miah Beata"
"Seamons Desiree","Seamons Desiree"
"Soderstrom Jeanice","Soderstrom Jeanice"
"Jurgens Mariel","Jurgens Mariel"
"Alida,Bogle","Bogle Alida"
"Joaquin,Clasen","Clasen Joaquin"
"Alaina,Partida","Partida Alaina"
"Mulloy Trinidad","Mulloy Trinidad"
"Garrard Carlene","Garrard Carlene"
"Chism Melodi","Chism Melodi"
"Chilcott Bess","Chilcott Bess"
"Aylward Chong","Aylward Chong"
"Ramthun Jani","Ramthun Jani"
"Marquess Hayley","Marquess Hayley"
"Andria,Spagnoli","Spagnoli Andria"
"Irwin,Covelli","Covelli Irwin"
"Montiel Gertude","Montiel Gertude"
"Stefany,Reily","Reily Stefany"
"Rae,Mcgaughey","Mcgaughey Rae"
"Casler Maryann","Casler Maryann"
"Gregori Annalisa","Gregori Annalisa"
"Jenee,Pannell","Pannell Jenee"
