"26 H x 24 W x 12.5 D","26"
"74 H x 31.5 W","74"
"10 H x 8 W","10"
"18 H x 8.5 W x 4 D","18"
"33 x 25","33"
"49.5 x 41","49.5"
"31.75 x 26.25","31.75"
"21.75 H x 24.25 W","21.75"
"10 H x 7.25 W","10"
"11.75 H  x 8.75 W","11.75"
"10 H x 7.25 W","10"
"31 H x 25 W","31"
"32.5 H x 15 W x 10 D","32.5"
"32.25 H x 15 W x 10D","32.25"
"75 H x 20 W x 12 D","75"
"33 H x 35.25 W","33"
"19.5 x 25 x 2.25","19.5"
"49 x 5.5","49"
"14 H x 11 W","14"
"31 x 6.5","31"
"36 H x 32 W","36"
"25 H x 18 W x 22 D","25"
"16.25 x 5.5 x 5","16.25"
"30 x 46","30"
"20.5 x 16","20.5"
"36 H x 24 W","36"
"12 H x 9 W","12"
"41 x 14.5 x 4.5","41"
"21.5 x 29 x 0.75","21.5"
"10.75 x 19.75 x 1","10.75"
"12.75 x 10.75 x 1","12.75"
"49.75 x 23.5 x 1.75","49.75"
"14.75 H x 11 W","14.75"
"14.75 H x 11 W","14.75"
"14.75 H x 11 W","14.75"
"14.75 H x 11 W","14.75"
"14.75 H x 11 W","14.75"
"14.75 H x 11 W","14.75"
"15.25 H x 12 W x 1 D","15.25"
"21.5 H x 27 W x 1 D","21.5"
"77 H x 9W  x 7 D","77"
"10 H x 8 W","10"
"10 H x 8 W","10"
"70 H x 11 W x 3 D","70"
"3.375 H x 2.0125 W","3.375"
"29.25 x 13 x 8.5","29.25"
"20 x 7","20"
"22 x 7","22"
"14 x 6.25 x 2.25","14"
"20.5 H x 8.75 W x 6.75 D","20.5"
"27.5 H x 23.5 W","27.5"
"27.5 H x 23.5 W","27.5"
"27.5 H x 23.5 W","27.5"
"41.25 H x 26 W","41.25"
"37.5 H x 30 W x 0.75 D","37.5"
"14 H x 11 W","14"
"40.5 H x 50.25 W","40.5"
"28 H x 21 W x 1 D","28"
"30 H x 22 W","30"
"18.75 x 15.5","18.75"
"6 H x 4.25 W x  0.375 D","6"
"8 H x 10 W","8"
"11 H x 7.75 W","11"
"44 x 29","44"
"43 x 28.5","43"
"6.75 H x 7.25 W","6.75"
"14.75 H x 14.75 W x 1.5 D","14.75"
"9.5 H x 11 W x 4.5 D","9.5"
"8.25 H x 6.75 W x 3.375 D","8.25"
"22.5 H x 22.25 W","22.5"
"36 H x 29 W","36"
"28 H  x 36.5 W x 1.5 D","28"
"79 H x 48 W x 15 D","79"
"88 x 24 x 18","88"
"32.5 H x 40.5 W x 2 D","32.5"
"9 H x 8 W x 4 D","9"
"20 H x 6 W x 3 D","20"
"19 H x 19 W x 2 D","19"
"42.5 H x 13.5 W x 72 D","42.5"
"96 H x 24 W x 24 D","96"
"H: 43 x  W: 21","43"
"10.5 x 3 x 5","10.5"
"58.5 H  x 25 W","58.5"
"H: 58 x  W: 25","58"
"58 H x 17 W","58"
"3.5 H x 3.5 W","3.5"
"3.5 H x 3.5 W","3.5"
"3.5 H x 3.5 W","3.5"
"3.5 H x 3.5 W","3.5"
"6 H x 5.75 diameter","6"
"4.25 H  x 3 diameter","4.25"
"11 H x 6 diameter","11"
"5 H x 5.5 diameter","5"
"10 H x 4 diameter","10"
"4.375 H x 4 diameter","4.375"
"11 H x 6.5 diameter","11"
"21 H x 21 W x 1.25 D","21"
"4 H x 3.5 diameter","4"
"6 H x 5 diameter","6"
"6.75 H x 14.5 W x 0.3125 D","6.75"
"5 H x 17.5 W x 0.3125 D","5"
"6.75 H x 14.75 W x 0.3125 D","6.75"
"6.75 H x 14.75 W x 0.3125 D","6.75"
"5.25 H x 15.75 W x 0.3125 D","5.25"
"6.75 H x 15 W x 0.3125 D","6.75"
"5.75 H x 16.75 W x 0.3125 D","5.75"
"6.75 H x 15 W x 0.375 D","6.75"
"5 H x 17.25 W x 0.3125 D","5"
"12 H x 9 W","12"
"20 H x 16 W","20"
"28 x 18 x 11","28"
"26 x 16 x  12","26"
"28 x 29 x 15","28"
"28 x 30 x 12","28"
"24 H x 28.5 W x 20 D","24"
"31 x 14.25","31"
"36.75 x 8.5 x 11","36.75"
"3.5 H x 7 W","3.5"
"74 H x 81 W","74"
"30 x 42","30"
"3 x 5","3"
"19 H x 25 W","19"
"21.75 x 17.25 W","21.75"
"18.75 x 15.5","18.75"
"34 H x 48 W","34"
"14 H x 11 W","14"
"49 x 37","49"
"24 H x  36 W","24"
"33.5 H x 35 W","33.5"
"32.25 H x 44 W","32.25"
"14 x 11","14"
"14 x 11","14"
"11 x 17 W","11"
"39 x 29 each","39"
"9 H x 6.75 W","9"
"36 x 44","36"
"25 x 30","25"
"30 x 24","30"
"24 x 30","24"
"20 x 24","20"
"29 x 20","29"
"43 x 36 x 24","43"
"14 H x 10 W","14"
"38.5 H x 28.25 W","38.5"
"60 x 48","60"
"30 H x 22 W","30"
"16 H x 12 W x 3 D","16"
"13.5 H x 10.5 W","13.5"
"8.5 H x 8.5 W","8.5"
"5.25 H x 9.25 W","5.25"
"5 H x 9.5 W","5"
"18 x 33","18"
"19 H x 33 W x 2 D","19"
"17 x 20","17"
"16 H x 18.75 W x 2 D","16"
"15 x 18","15"
"4 x 9","4"
"4 H x 9 W","4"
"4 x 9","4"
"4 x 9","4"
"4 x 9","4"
"4 x 9","4"
"3 x 6","3"
"12 H x 9 W","12"
"76 x 91","76"
"14 H x 12.25 W x 0.75 D","14"
"14 H x 11 W","14"
"15.75 x 21.75","15.75"
"10 H x 8 W","10"
"10 H x 8 W","10"
"8 H x 10 W","8"
"10 H x 8 W","10"
"8 H x 10 W","8"
"10 H x 8 W","10"
"10 H x 8 W","10"
"8 H x 10 W","8"
"14 x 10.625","14"
"7.5 H x 9.5 W","7.5"
"28 H  x 22 W x 0.75 D","28"
"28 x 30","28"
"10 H x 8 W","10"
"13.75 x 10.75","13.75"
"11 x 14","11"
"10 H x 8 W","10"
"11 H x 8.5 W","11"
"13.25 H x 8.25 W","13.25"
"33 x 32.5 x 2","33"
"8.5 H x 7 W","8.5"
"52 x 13 x 10","52"
"23 x  8 x 5","23"
"19 x 9","19"
"38 x 7","38"
"30 x 8 x 14","30"
"20 x 10 x 11","20"
"24 x 15 x 11","24"
"20 x 7 x 4","20"
"13.5 H x 9 W x 46 D","13.5"
"49.5 x 9","49.5"
"15 x 13 x 12","15"
"4.25 H x 3.25 W","4.25"
"18.5 x 28.5","18.5"
"19 H x 25 W","19"
"28 H x 18 W","28"
"28 H x 18 W","28"
"28 H x 18 W","28"
"22 H x 16.875 W x 2.25D","22"
"8 H x 10 W","8"
"10 H x 8 W","10"
"7 H x 5 W","7"
"7 H x 5 W","7"
"10 H x 8 W","10"
"10H x 8 W","10"
"6 H x 4 W","6"
"6 H x 4 W","6"
"12 H x 9 W","12"
"61.5 H x 67.5 W","61.5"
"48 x 35","48"
"8 H x 5.5 W x 1.5 D","8"
"72 H x 105 W","72"
"8.375 H x 5.5 W","8.375"
"8.375 H x 5.5 W","8.375"
"48 x 33","48"
"32 H x 11.25 W x 7.5 D","32"
"31 x 11 x 8.5","31"
"42 H x 20 W x 8.5 D","42"
"21.75 H x 19 W","21.75"
"26 H x 19.5 W","26"
"28 H x 22 W x 1 D","28"
"15.5 H x 28 W x 6 D","15.5"
"21.75 H x 8.25 W x 7.25 D","21.75"
"28 H x 36 W x 72 D","28"
"84 H x 32 W x 40D","84"
"26 H x 11 W x 6 D","26"
"28.75 H x 20.25 W","28.75"
"10 x 8","10"
"3.5 H x 7 W","3.5"
"3.5 H x 7 14W","3.5"
"67 H  x 22 W  x 12 D","67"
"15.75 H x 13 W x 2.5 D","15.75"
"2 x 3.5","2"
"14.5 H  x 7 W x 4.75 D","14.5"
"14 x 10 x 14","14"
"12.25 x 9.25","12.25"
"12.25 x 9.25","12.25"
"64 H x 45.5 W x 2.5 D","64"
"6.75 H x 4.25 x 0.25 D","6.75"
"5.5 H x 3.5 W x 2 D","5.5"
"15 x 7 x 4","15"
"10 x 4","10"
"14 H x 11 W","14"
"91 x 34","91"
"7.25 x 9 x 18","7.25"
"21 H x 20 W","21"
"12.5 H x 15 W","12.5"
"24 H x 18.75 W","24"
"26.5 x 20","26.5"
"21 x 17","21"
"20 H x 20 W x 1.75 D","20"
"8 H x 16 W x 1 D","8"
"14 x 7.25 x 9","14"
"98 H x 66 W","98"
"10.25 H x 8 x 0.75 D","10.25"
"3 H x 10 W x 32 D","3"
"3 x 10.5 x 38","3"
"3 x 9","3"
"12 H x 9 W","12"
"60 H x 48 W","60"
"60 H x 48 W","60"
"68 x 83","68"
"6.5 H x 4.5 W","6.5"
"4.5 H x 2.5 W x 1.5 D","4.5"
"5.5 H x 3.25 W x 1.5 D","5.5"
"5.5 H x 3.25 W x 1.5 D","5.5"
"5.5 H x 3.25 W x 1.5 D","5.5"
"5.5 H x 3.25 W x 1.5 D","5.5"
"5.5 H x 3 W x 1.5 D","5.5"
"5.5 H x 3 W x 1.5 D","5.5"
"5.5 H x 3.25 W x 1.5 D","5.5"
"5.5 H x 3.25 W x 1.5 D","5.5"
"5.5 H x 3 W x 1.5 D","5.5"
"11 H x 9 W x 0.75 D","11"
"8.5 H x 11 W","8.5"
"8.5 x 5","8.5"
"20 x 11 x 5","20"
"58 x 34 x 20","58"
"52 x 37","52"
"30 H x 44 W x 22 D","30"
"14 H x 7 W x 2.5 D","14"
"3.5 H x 2.5 W","3.5"
"2.25 H x 2.25 W x 0.75 D","2.25"
"7 x 5 x 4","7"
"7.75 x 6 x 4","7.75"
"12 H x 9 W","12"
"5 H x 3.5 W x 0.125 D","5"
"86 x 122","86"
"21.5 x 7","21.5"
"13.5 H x 16.5 W","13.5"
"16.5 H x 21 W","16.5"
"16.5 H x 21 W","16.5"
"16.5 H x 21 W","16.5"
"16.5 H x 21 W","16.5"
"21 H x 16.5 W","21"
"38 x 50","38"
"49 x 25","49"
"22.5 H x 14 W","22.5"
"13 H x 10.5 W","13"
"8 H x 10 W","8"
"9 H x 16 W","9"
