"Annica Ackerman","Annica Ackerman"
"Lorne Balfe","Lorne Balfe"
"Chris Barrett","Chris Barrett"
"Becky Bentham","Becky Bentham"
"Simon Changer","Simon Changer"
"Al Clay","Al Clay"
"Brad Dechter","Brad Dechter"
"Ramin Djawadi","Ramin Djawadi"
"Geoff Foster","Geoff Foster"
"Bruce Fowler","Bruce Fowler"
"Gavin Greenaway","Gavin Greenaway"
"James Newton Howard","James Newton Howard"
"James Newton Howard","James Newton Howard"
"James Newton Howard","James Newton Howard"
"Joerg Huettner","Joerg Huettner"
"Thomas Jesty","Thomas Jesty"
"Gary Kettel","Gary Kettel"
"Alastair King","Alastair King"
"Tristan Lillingston","Tristan Lillingston"
"Bruce Maddocks","Bruce Maddocks"
"Abhay Manusmare","Abhay Manusmare"
"Lisa Margolis","Lisa Margolis"
"Aaron Martin","Aaron Martin"
"Steve Price","Steve Price"
"Frank Ricotti","Frank Ricotti"
"Richard Robson","Richard Robson"
"Debi Streeter","Debi Streeter"
"Martin Tillman","Martin Tillman"
"Mel Wesson","Mel Wesson"
"Mark Wherry","Mark Wherry"
"Ian Wood","Ian Wood"
"Gavyn Wright","Gavyn Wright"
"Andrew Zack","Andrew Zack"
"Keith Zajic","Keith Zajic"
"Hans Zimmer","Hans Zimmer"
"Hans Zimmer","Hans Zimmer"
"Hans Zimmer","Hans Zimmer"
"Ryeland Allison","Ryeland Allison"
"Jeff Atmajian","Jeff Atmajian"
"Chris P. Bacon","Chris P. Bacon"
"Lorne Balfe","Lorne Balfe"
"Lorne Balfe","Lorne Balfe"
"Chris Barrett","Chris Barrett"
"Becky Bentham","Becky Bentham"
"Jeff Biggers","Jeff Biggers"
"Jeff Bucko Biggers","Jeff Biggers"
"Thomas Broderick","Thomas Broderick"
"Simon Chamberlain","Simon Chamberlain"
"Marc Cimino","Marc Cimino"
"Paul Clarivs","Paul Clarivs"
"Peter Davies","Peter Davies"
"Brad Dechter","Brad Dechter"
"Matt Dunkley","Matt Dunkley"
"Elizabeth Finch","Elizabeth Finch"
"Geoff Foster","Geoff Foster"
"Bruce Fowler","Bruce Fowler"
"Bruce Fowler","Bruce Fowler"
"Walt Fowler","Walt Fowler"
"Doug Frank","Doug Frank"
"Alex Gibson","Alex Gibson"
"Alex Gibson","Alex Gibson"
"Steven R. Gilmore","Steven R. Gilmore"
"Steven R. Gilmore","Steven R. Gilmore"
"Mark Graham","Mark Graham"
"Gavin Greenaway","Gavin Greenaway"
"Isobel Griffiths","Isobel Griffiths"
"James Newton Howard","James Newton Howard"
"James Newton Howard","James Newton Howard"
"James Newton Howard","James Newton Howard"
"James Newton Howard","James Newton Howard"
"Henry Jackman","Henry Jackman"
"Kevin Kaska","Kevin Kaska"
"Randy Kerber","Randy Kerber"
"Gary Kettel","Gary Kettel"
"Steven Kofsky","Steven Kofsky"
"Peter Lale","Peter Lale"
"Gary LeMel","Gary LeMel"
"Michael Levine","Michael Levine"
"Katja Lewin","Katja Lewin"
"Lisa Margolis","Lisa Margolis"
"Charlotte Matthew","Charlotte Matthew"
"Alan Meyerson","Alan Meyerson"
"Suzette Moriarty","Suzette Moriarty"
"Maurice Murphy","Maurice Murphy"
"Christopher Nolan","Christopher Nolan"
"Heitor Teixeira Pereira","Heitor Teixeira Pereira"
"Dan Pinder","Dan Pinder"
"Anthony Pleeth","Anthony Pleeth"
"Satnam Ramgotra","Satnam Ramgotra"
"Frank Ricotti","Frank Ricotti"
"Ryan Rubin","Ryan Rubin"
"Czarina Russell","Czarina Russell"
"Howard Scarr","Howard Scarr"
"Mary Scully","Mary Scully"
"Jacob Shea","Jacob Shea"
"Owen Slade","Owen Slade"
"Pamela J. Sollie","Pamela J. Sollie"
"Noah Sorota","Noah Sorota"
"Debi Streeter","Debi Streeter"
"Louie Teran","Louie Teran"
"Martin Tillman","Martin Tillman"
"Greg Vines","Greg Vines"
"Rosemary Warren Green","Rosemary Warren Green"
"Rose Warren-Green","Rose Warren-Green"
"Richard Watkins","Richard Watkins"
"Mel Wesson","Mel Wesson"
"Andrew Zack","Andrew Zack"
"Keith Zajic","Keith Zajic"
"Hans Zimmer","Hans Zimmer"
"Hans Zimmer","Hans Zimmer"
"Hans Zimmer","Hans Zimmer"
"Hans Zimmer","Hans Zimmer"
"Hans Zimmer","Hans Zimmer"
"Laurence Anslow","Laurence Anslow"
"Lorne Balfe","Lorne Balfe"
"Paul Broucek","Paul Broucek"
"Ann Marie Calhoun","Ann Marie Calhoun"
"Lori Castro","Lori Castro"
"Chuck Choi","Chuck Choi"
"Paul Clavis","Paul Clavis"
"Ramin Djawadi","Ramin Djawadi"
"Matt Dunkley","Matt Dunkley"
"Richard Edwards","Richard Edwards"
"Sam Estes","Sam Estes"
"Tom Farnon","Tom Farnon"
"Elizabeth Finch","Elizabeth Finch"
"Geoff Foster","Geoff Foster"
"Bruce Fowler","Bruce Fowler"
"Walt Fowler","Walt Fowler"
"Alex Gibson","Alex Gibson"
"Alex Gibson","Alex Gibson"
"Rick Giovinazzo","Rick Giovinazzo"
"Gavin Greenaway","Gavin Greenaway"
"Isobel Griffiths","Isobel Griffiths"
"Michael Hobe","Michael Hobe"
"Tom Holkenborg","Tom Holkenborg"
"Thomas Jesty","Thomas Jesty"
"Kevin Kaska","Kevin Kaska"
"Andrew Kawczynski","Andrew Kawczynski"
"Gary Kettel","Gary Kettel"
"Andrew Kinney","Andrew Kinney"
"Jasha Klebe","Jasha Klebe"
"Steven Kofsky","Steven Kofsky"
"Daniel Kresco","Daniel Kresco"
"Peter Lale","Peter Lale"
"Jason Linn","Jason Linn"
"Stephen Lipson","Stephen Lipson"
"Stephen Lipson","Stephen Lipson"
"Lisa Margolis","Lisa Margolis"
"Charlotte Matthews","Charlotte Matthews"
"Steve Mazzaro","Steve Mazzaro"
"Alan Meyerson","Alan Meyerson"
"Adam Miller","Adam Miller"
"Perry Montague-Mason","Perry Montague-Mason"
"Yvonne S. Moriarty","Yvonne S. Moriarty"
"Ed Neumeister","Ed Neumeister"
"Satoshi Noguchi","Satoshi Noguchi"
"Christopher Nolan","Christopher Nolan"
"Christopher Nolan","Christopher Nolan"
"Anthony Pleeth","Anthony Pleeth"
"John Prestage","John Prestage"
"Frank Ricotti","Frank Ricotti"
"Ryan Rubin","Ryan Rubin"
"Czarina Russell","Czarina Russell"
"Carl Rydlund","Carl Rydlund"
"Howard Scarr","Howard Scarr"
"Mary Scully","Mary Scully"
"C.J. Sing","C.J. Sing"
"Owen Slade","Owen Slade"
"Sandeep Sriram","Sandeep Sriram"
"Geoff Stradling","Geoff Stradling"
"Jill Streater","Jill Streater"
"Pat Sullivan","Pat Sullivan"
"Martin Tillman","Martin Tillman"
"Richard Watkins","Richard Watkins"
"Christian Wenger","Christian Wenger"
"Mel Wesson","Mel Wesson"
"Mark Wherry","Mark Wherry"
"Booker White","Booker White"
"Andrew Zack","Andrew Zack"
"Hans Zimmer","Hans Zimmer"
"Hans Zimmer","Hans Zimmer"
"Hans Zimmer","Hans Zimmer"
"Hans Zimmer","Hans Zimmer"
"Hans Zimmer","Hans Zimmer"
"Hans Zimmer","Hans Zimmer"
"Bob Badami","Bob Badami"
"Lorne Balfe","Lorne Balfe"
"Lorne Balfe","Lorne Balfe"
"Chris Barrett","Chris Barrett"
"Dudley Bright","Dudley Bright"
"Thomas Broderick","Thomas Broderick"
"Nicholas Bucknall","Nicholas Bucknall"
"Ann Marie Calhoun","Ann Marie Calhoun"
"Nick Delaplane","Nick Delaplane"
"Geoff Foster","Geoff Foster"
"Geoff Foster","Geoff Foster"
"Bruce Fowler","Bruce Fowler"
"Walt Fowler","Walt Fowler"
"Doug Frank","Doug Frank"
"Gavin Greenaway","Gavin Greenaway"
"Isobel Griffiths","Isobel Griffiths"
"Tina Guo","Tina Guo"
"Dirk Hebert","Dirk Hebert"
"Aleksey Igudesman","Aleksey Igudesman"
"Davey Johnstone","Davey Johnstone"
"Kevin Kaska","Kevin Kaska"
"Andrew Kawczynski","Andrew Kawczynski"
"Steven Kofsky","Steven Kofsky"
"Peter Lale","Peter Lale"
"Katia Lewin","Katia Lewin"
"Jason Linn","Jason Linn"
"Eliza Marshall","Eliza Marshall"
"Charlotte Matthews","Charlotte Matthews"
"Adam Miller","Adam Miller"
"Perry Montague-Mason","Perry Montague-Mason"
"Suzette Moriarty","Suzette Moriarty"
"Maurice Murphy","Maurice Murphy"
"Anthony Pleeth","Anthony Pleeth"
"Guy Ritchie","Guy Ritchie"
"Noah Sarota","Noah Sarota"
"Mary Scully","Mary Scully"
"Jacob Shea","Jacob Shea"
"Richard Skinner","Richard Skinner"
"Owen Slade","Owen Slade"
"Peter Oso Snell","Peter Oso Snell"
"Sandeep Sriram","Sandeep Sriram"
"Dave Stewart","Dave Stewart"
"Diego Stocco","Diego Stocco"
"Patricia Sullivan","Patricia Sullivan"
"David Theodore","David Theodore"
"Unspecified","Unspecified"
"Richard Watkins","Richard Watkins"
"Mark Wherry","Mark Wherry"
"Andrew Zack","Andrew Zack"
"Keith Zajic","Keith Zajic"
"Hans Zimmer","Hans Zimmer"
"Hans Zimmer","Hans Zimmer"
"Hans Zimmer","Hans Zimmer"
"Hans Zimmer","Hans Zimmer"
"Ryeland Allison","Ryeland Allison"
"Peter Asher","Peter Asher"
"Bob Badami","Bob Badami"
"Bob Bernstein","Bob Bernstein"
"Curt Bisquera","Curt Bisquera"
"Jason Bonham","Jason Bonham"
"Paul Broucek","Paul Broucek"
"Belinda Broughton","Belinda Broughton"
"Ann Marie Calhoun","Ann Marie Calhoun"
"Danny Carey","Danny Carey"
"Matt Chamberlain","Matt Chamberlain"
"John Chapman","John Chapman"
"Chuck Choi","Chuck Choi"
"Vinnie Colaiuta","Vinnie Colaiuta"
"George Doering","George Doering"
"Bernie Dresel","Bernie Dresel"
"Skip Edwards","Skip Edwards"
"Bruce Fowler","Bruce Fowler"
"Walley Fowler","Walley Fowler"
"Josh Freese","Josh Freese"
"Peter Frieberger","Peter Frieberger"
"Ross Garfield","Ross Garfield"
"Nick Glennie-Smith","Nick Glennie-Smith"
"Tauress Habib","Tauress Habib"
"Tom Hardisty","Tom Hardisty"
"Darren Higman","Darren Higman"
"Junkie XL","Junkie XL"
"Junkie XL","Junkie XL"
"Junkie XL","Junkie XL"
"Kevin Kaska","Kevin Kaska"
"Andrew Kawczynski","Andrew Kawczynski"
"Jim Keltner","Jim Keltner"
"Steven Kofsky","Steven Kofsky"
"Daniel Kresco","Daniel Kresco"
"Nathaniel Kunkel","Nathaniel Kunkel"
"Tim Lauber","Tim Lauber"
"Trevor Lawrence Jr.","Trevor Lawrence Jr."
"Jason Linn","Jason Linn"
"Stephen Lipson","Stephen Lipson"
"Stephen Lipson","Stephen Lipson"
"J.D. Maness","J.D. Maness"
"Lisa Margolis","Lisa Margolis"
"Eric Matthies","Eric Matthies"
"Steve Mazzaro","Steve Mazzaro"
"John McClung","John McClung"
"Alan Meyerson","Alan Meyerson"
"Alan Meyerson","Alan Meyerson"
"Yvonne S. Moriarty","Yvonne S. Moriarty"
"Melissa Muik","Melissa Muik"
"Peter Nelson","Peter Nelson"
"Christopher Nolan","Christopher Nolan"
"Eric Norris","Eric Norris"
"Jamie Olvera","Jamie Olvera"
"Michael Osment","Michael Osment"
"Toss Panos","Toss Panos"
"Dan Pinder","Dan Pinder"
"Satnam Ramgotra","Satnam Ramgotra"
"Marty Rifkin","Marty Rifkin"
"Ben Robinson","Ben Robinson"
"John Jr. Robinson","John Jr. Robinson"
"Ryan Robinson","Ryan Robinson"
"Stacey Robinson","Stacey Robinson"
"Jessica Rotter","Jessica Rotter"
"Peter Rotter","Peter Rotter"
"Charles Roven","Charles Roven"
"Czarina Russell","Czarina Russell"
"Czarina Russell","Czarina Russell"
"Carl Rydlund","Carl Rydlund"
"Howard Scarr","Howard Scarr"
"Rick Schmidt","Rick Schmidt"
"Nevin Seus","Nevin Seus"
"Sheila E.","Sheila E."
"Christine Sirois","Christine Sirois"
"Lee Sklar","Lee Sklar"
"Chas Smith","Chas Smith"
"Chas Smith","Chas Smith"
"Deborah Snyder","Deborah Snyder"
"Zack Snyder","Zack Snyder"
"Sandeep Sriram","Sandeep Sriram"
"Sandeep Sriram","Sandeep Sriram"
"Denis St. Amand","Denis St. Amand"
"Tom Steel","Tom Steel"
"The Stradivarius","The Stradivarius"
"Emma Thomas","Emma Thomas"
"Martin Tillman","Martin Tillman"
"Yvonne Tran-Macdonald","Yvonne Tran-Macdonald"
"Raul Vega","Raul Vega"
"Tommy Vicari","Tommy Vicari"
"Christian Wenger","Christian Wenger"
"Mel Wesson","Mel Wesson"
"Richard Wheeler Jr.","Richard Wheeler Jr."
"Brian Wherry","Brian Wherry"
"Mark Wherry","Mark Wherry"
"Booker White","Booker White"
"Pharrell Williams","Pharrell Williams"
"Megan Wintory","Megan Wintory"
"Hans Zimmer","Hans Zimmer"
"Hans Zimmer","Hans Zimmer"
"Hans Zimmer","Hans Zimmer"
"Hans Zimmer","Hans Zimmer"
"Hans Zimmer","Hans Zimmer"
"Hans Zimmer","Hans Zimmer"
"Zo?? Zimmerman","ZoÌÄåÇ Zimmerman"
"Paul Altomari","Paul Altomari"
"Julie Andrews","Julie Andrews"
"Tom Arndt","Tom Arndt"
"Bob Badami","Bob Badami"
"Lorne Balfe","Lorne Balfe"
"Chris Barrett","Chris Barrett"
"Pat Barry","Pat Barry"
"Becky Bentham","Becky Bentham"
"Thomas Bowes","Thomas Bowes"
"Tom Bowes","Tom Bowes"
"Thomas Broderick","Thomas Broderick"
"Nicholas Bucknail","Nicholas Bucknail"
"Nicholas Bucknall","Nicholas Bucknall"
"John Calley","John Calley"
"Simon Changer","Simon Changer"
"Paul Clarvis","Paul Clarvis"
"Al Clay","Al Clay"
"Big Al Clay","Big Al Clay"
"Delores Clay","Delores Clay"
"Leif Covington","Leif Covington"
"Frank Famularo","Frank Famularo"
"Geoff Foster","Geoff Foster"
"Fretwork","Fretwork"
"Meredith Friedman","Meredith Friedman"
"Nick Glennie-Smith","Nick Glennie-Smith"
"Nick Glennie-Smith","Nick Glennie-Smith"
"Brian Grazer","Brian Grazer"
"Isobel Griffiths","Isobel Griffiths"
"Richard Harvey","Richard Harvey"
"Richard Harvey","Richard Harvey"
"Bart Hendrickson","Bart Hendrickson"
"Ron Howard","Ron Howard"
"Ron Howard","Ron Howard"
"Henry Jackman","Henry Jackman"
"Jake Jackson","Jake Jackson"
"Skaila Kanga","Skaila Kanga"
"Gary Kettel","Gary Kettel"
"Robert King","Robert King"
"Steven Kofsky","Steven Kofsky"
"Peter Lale","Peter Lale"
"Abhay Manusmare","Abhay Manusmare"
"Hugh Marsh","Hugh Marsh"
"Alan Meyerson","Alan Meyerson"
"Evelyn Morgan","Evelyn Morgan"
"Evelyn de Morgan","Evelyn de Morgan"
"David Novik","David Novik"
"Jenny O'Grady","Jenny O'Grady"
"Dan Pinder","Dan Pinder"
"Anthony Pleeth","Anthony Pleeth"
"Hila Plitmann","Hila Plitmann"
"Graham Preskett","Graham Preskett"
"Graham Preskett","Graham Preskett"
"Michael Price","Michael Price"
"Frank Ricotti","Frank Ricotti"
"Mary Scully","Mary Scully"
"Jonathan Snowden","Jonathan Snowden"
"Tony Stanton","Tony Stanton"
"Louie Teran","Louie Teran"
"David Theodore","David Theodore"
"Martin Tillman","Martin Tillman"
"Lia Vollack","Lia Vollack"
"Richard Watkins","Richard Watkins"
"Mel Wesson","Mel Wesson"
"Gavyn Wright","Gavyn Wright"
"Andrew Zack","Andrew Zack"
"Hans Zimmer","Hans Zimmer"
"Hans Zimmer","Hans Zimmer"
"Hans Zimmer","Hans Zimmer"
"Hans Zimmer","Hans Zimmer"
"Hans Zimmer","Hans Zimmer"
"Lorne Balfe","Lorne Balfe"
"Chris Barrett","Chris Barrett"
"Paul Broucek","Paul Broucek"
"Charles Dumont","Charles Dumont"
"Matt Dunkley","Matt Dunkley"
"Richard Edwards","Richard Edwards"
"Elizabeth Finch","Elizabeth Finch"
"Bruce Fowler","Bruce Fowler"
"Walt Fowler","Walt Fowler"
"Alex Gibson","Alex Gibson"
"Rick Giovinazzo","Rick Giovinazzo"
"Gavin Greenaway","Gavin Greenaway"
"Isobel Griffiths","Isobel Griffiths"
"Mike Higham","Mike Higham"
"Darren Higman","Darren Higman"
"Mark Holley","Mark Holley"
"Mark Holley","Mark Holley"
"Kevin Kaska","Kevin Kaska"
"Peter Lale","Peter Lale"
"Jason Linn","Jason Linn"
"Lisa Margolis","Lisa Margolis"
"Johnny Marr","Johnny Marr"
"Perry Montague-Mason","Perry Montague-Mason"
"Suzette Moriarty","Suzette Moriarty"
"Allison Moseley","Allison Moseley"
"Ed Neumeister","Ed Neumeister"
"Christopher Nolan","Christopher Nolan"
"Anthony Pleeth","Anthony Pleeth"
"Jamie Roberts","Jamie Roberts"
"Ryan Rubin","Ryan Rubin"
"Czarina Russell","Czarina Russell"
"Carl Rydlund","Carl Rydlund"
"Howard Scarr","Howard Scarr"
"Mary Scully","Mary Scully"
"Shalini Singh","Shalini Singh"
"Owen Slade","Owen Slade"
"Dave Stewart","Dave Stewart"
"Jill Streeter","Jill Streeter"
"Pat Sullivan","Pat Sullivan"
"Michel Vaucaire","Michel Vaucaire"
"Stephen Vaughan","Stephen Vaughan"
"Richard Watkins","Richard Watkins"
"Booker White","Booker White"
"Andrew Zack","Andrew Zack"
"Hans Zimmer","Hans Zimmer"
"Hans Zimmer","Hans Zimmer"
"Hans Zimmer","Hans Zimmer"
"Hans Zimmer","Hans Zimmer"
"Emio Zizza","Emio Zizza"
"Salmm Scallywag Andrew","Salmm Andrew"
"Salmm Scallywag Andrew","Salmm Andrew"
"Slamm Andrews","Slamm Andrews"
"Slamm Andrews","Slamm Andrews"
"Bob Badami","Bob Badami"
"Bob Badami","Bob Badami"
"Klaus Badelt","Klaus Badelt"
"Klaus Badelt","Klaus Badelt"
"Klaus Badelt","Klaus Badelt"
"Chris Barrett","Chris Barrett"
"Jeff Biggers","Jeff Biggers"
"Jeff Bucko Biggers","Jeff Biggers"
"Christopher Brooks","Christopher Brooks"
"Christopher S. Brooks","Christopher S. Brooks"
"Jerry Bruckheimer","Jerry Bruckheimer"
"Allison Wright Clark","Allison Wright Clark"
"Allison Wright The Interceptor Clark","Allison Wright Clark"
"Sandy De Crescent","Sandy De Crescent"
"Sandy De Crescent","Sandy De Crescent"
"Ramin Djawadi","Ramin Djawadi"
"Seth Dockstader","Seth Dockstader"
"James Dooley","James Dooley"
"Jim Dooley","Jim Dooley"
"Robert Elhai","Robert Elhai"
"Elizabeth Finch","Elizabeth Finch"
"Geoff Foster","Geoff Foster"
"Bruce Fowler","Bruce Fowler"
"Bruce Fowler","Bruce Fowler"
"Walt Fowler","Walt Fowler"
"Marc Gebauer","Marc Gebauer"
"Nick Glennie-Smith","Nick Glennie-Smith"
"Isobel Griffiths","Isobel Griffiths"
"Bart The Original Black Bart Henderson","Bart Henderson"
"Bart Hendrickson","Bart Hendrickson"
"Hollywood Studio Symphony","Hollywood Studio Symphony"
"Nick Ingman","Nick Ingman"
"Steve Jablonsky","Steve Jablonsky"
"Jake Jackson","Jake Jackson"
"Kenneth Karman","Kenneth Karman"
"Ken Karmen","Ken Karmen"
"Danny Kuramoto","Danny Kuramoto"
"Glen Lajeski","Glen Lajeski"
"Tim Lauber","Tim Lauber"
"Mitchell Leib","Mitchell Leib"
"Bill Liston","Bill Liston"
"Mal Luker","Mal Luker"
"Malcolm Luker","Malcolm Luker"
"Bettina Lynch","Bettina Lynch"
"Bruce Maddocks","Bruce Maddocks"
"Dave Marquette","Dave Marquette"
"Ladd McIntosh","Ladd McIntosh"
"Alan Meyerson","Alan Meyerson"
"Alan Meyerson","Alan Meyerson"
"Suzette Moriarty","Suzette Moriarty"
"Melissa Muik","Melissa Muik"
"Melissa Tortuga Wench Muik","Melissa Muik"
"Moanike'ala Nakamoto","Moanike'ala Nakamoto"
"Moanikeala Nakamoto","Moanikeala Nakamoto"
"Blake Neely","Blake Neely"
"Blake Neely","Blake Neely"
"Jenny O'Grady","Jenny O'Grady"
"Heitor Teixeira Pereira","Heitor Teixeira Pereira"
"Dan Pinder","Dan Pinder"
"Conrad Pope","Conrad Pope"
"Emil Richards","Emil Richards"
"Stacey Robinson","Stacey Robinson"
"John Rodd","John Rodd"
"Fred Selden","Fred Selden"
"Jay Selvester","Jay Selvester"
"Gregg Silk","Gregg Silk"
"Gregg W. Silk","Gregg W. Silk"
"James McKee Smith","James McKee Smith"
"Kristen Smith","Kristen Smith"
"Tom Steel","Tom Steel"
"Steve Sterling","Steve Sterling"
"Jeanette Surga","Jeanette Surga"
"Jeannette Surga","Jeannette Surga"
"Bill Talbott","Bill Talbott"
"Damon Tedesco","Damon Tedesco"
"Martin Tillman","Martin Tillman"
"Tom Vedvik","Tom Vedvik"
"Brad Warnaar","Brad Warnaar"
"Rick Wentworth","Rick Wentworth"
"Mel Wesson","Mel Wesson"
"Mark Wherry","Mark Wherry"
"Booker White","Booker White"
"Rob Williams","Rob Williams"
"Nick Wollage","Nick Wollage"
"Geoff Zanelli","Geoff Zanelli"
"Monica Zierhut","Monica Zierhut"
"Hans Zimmer","Hans Zimmer"
"Hans Zimmer","Hans Zimmer"
"Hans Zimmer","Hans Zimmer"
"Slamm Andrews","Slamm Andrews"
"Pete Anthony","Pete Anthony"
"Bob Badami","Bob Badami"
"Bob Badami","Bob Badami"
"Bob Badami","Bob Badami"
"Klaus Badelt","Klaus Badelt"
"Lorne Balfe","Lorne Balfe"
"Jeff Biggers","Jeff Biggers"
"Jeff Bucko Biggers","Jeff Biggers"
"Thomas Broderick","Thomas Broderick"
"Jerry Bruckheimer","Jerry Bruckheimer"
"Al Clay","Al Clay"
"Big Al Clay","Big Al Clay"
"Delores Clay","Delores Clay"
"Bryan Clements","Bryan Clements"
"Sandy De Crescent","Sandy De Crescent"
"Mark Eshelman","Mark Eshelman"
"Geoff Foster","Geoff Foster"
"Bruce Fowler","Bruce Fowler"
"Marc Gebauer","Marc Gebauer"
"Steve Gerdes","Steve Gerdes"
"Tom Gire","Tom Gire"
"Nick Glennie-Smith","Nick Glennie-Smith"
"Katie Greathouse","Katie Greathouse"
"Isobel Griffiths","Isobel Griffiths"
"Tom Hardisty","Tom Hardisty"
"Henry Jackman","Henry Jackman"
"Alastair King","Alastair King"
"Steven Kofsky","Steven Kofsky"
"Glen Lajeski","Glen Lajeski"
"Mitchell Leib","Mitchell Leib"
"Greg Loskorn","Greg Loskorn"
"Larry Mah","Larry Mah"
"Alan Meyerson","Alan Meyerson"
"Alan Meyerson","Alan Meyerson"
"Adam Michalak","Adam Michalak"
"Trevor Morris","Trevor Morris"
"Melissa Muik","Melissa Muik"
"Melissa Tortuga Wench Muik","Melissa Muik"
"Jenny O'Grady","Jenny O'Grady"
"Julie Pearce","Julie Pearce"
"Peter Rotter","Peter Rotter"
"Czarina Russell","Czarina Russell"
"Jay Selvester","Jay Selvester"
"Peter Oso Snell","Peter Oso Snell"
"John Sponsler","John Sponsler"
"Steve Sterling","Steve Sterling"
"Louie Teran","Louie Teran"
"Martin Tillman","Martin Tillman"
"Gore Verbinski","Gore Verbinski"
"Greg Vines","Greg Vines"
"Matt Ward","Matt Ward"
"Mel Wesson","Mel Wesson"
"Booker White","Booker White"
"Andrew Zack","Andrew Zack"
"Geoff Zanelli","Geoff Zanelli"
"Monica Zierhut","Monica Zierhut"
"Hans Zimmer","Hans Zimmer"
"Hans Zimmer","Hans Zimmer"
"Hans Zimmer","Hans Zimmer"
"Hans Zimmer","Hans Zimmer"
"Nico Abondolo","Nico Abondolo"
"Geoffrey Alch","Geoffrey Alch"
"Chris Allport","Chris Allport"
"Slamm Andrews","Slamm Andrews"
"Phil Ayling","Phil Ayling"
"Bob Badami","Bob Badami"
"Bob Badami","Bob Badami"
"Lorne Balfe","Lorne Balfe"
"Chris Barrett","Chris Barrett"
"Steve Bartek","Steve Bartek"
"Samela Beasom","Samela Beasom"
"Brendyn Bell","Brendyn Bell"
"Jeff Biggers","Jeff Biggers"
"Jeff Bucko Biggers","Jeff Biggers"
"Chris Bleth","Chris Bleth"
"Thomas Broderick","Thomas Broderick"
"Jerry Bruckheimer","Jerry Bruckheimer"
"Alison Burton","Alison Burton"
"Al Clay","Al Clay"
"Al Clay","Al Clay"
"Big Al Clay","Big Al Clay"
"Delores Clay","Delores Clay"
"Bryan Clementes","Bryan Clementes"
"Bryan Clements","Bryan Clements"
"Lawrence Cummings","Lawrence Cummings"
"Sandy De Crescent","Sandy De Crescent"
"Brian Dembow","Brian Dembow"
"Andrew Dudman","Andrew Dudman"
"Matthew Dunkel","Matthew Dunkel"
"Ted Elliott","Ted Elliott"
"Stephen Erdody","Stephen Erdody"
"Mark Eshelman","Mark Eshelman"
"Pedro Eustache","Pedro Eustache"
"Elizabeth Finch","Elizabeth Finch"
"Geoff Foster","Geoff Foster"
"Bruce Fowler","Bruce Fowler"
"Walt Fowler","Walt Fowler"
"Steve Gerdes","Steve Gerdes"
"Julie Gigante","Julie Gigante"
"Lorne Gire","Lorne Gire"
"Nick Glennie-Smith","Nick Glennie-Smith"
"Nick Glennie-Smith","Nick Glennie-Smith"
"Kevin Globerman","Kevin Globerman"
"Dominic Gonzales","Dominic Gonzales"
"Dominic Gonzalez","Dominic Gonzalez"
"Endre Granat","Endre Granat"
"Katie Greathouse","Katie Greathouse"
"Isobel Griffiths","Isobel Griffiths"
"Karen Han","Karen Han"
"Karen Hua-Qi Han","Karen Hua-Qi Han"
"Tom Hardisty","Tom Hardisty"
"Lili Haydn","Lili Haydn"
"Scott Holtzman","Scott Holtzman"
"Scott Holtzman","Scott Holtzman"
"Robert Hovencamp","Robert Hovencamp"
"Henry Jackman","Henry Jackman"
"Jessica Elisabeth","Jessica Elisabeth"
"Jessica-Elisabeth","Jessica-Elisabeth"
"Sam Jones","Sam Jones"
"Sam Stovepipe No. 1 Jones","Sam Jones"
"James Kanter","James Kanter"
"Steven Kofsky","Steven Kofsky"
"Sylvia Krask","Sylvia Krask"
"Sylvia Krask","Sylvia Krask"
"Ken Kugler","Ken Kugler"
"Glen Lajeski","Glen Lajeski"
"Tim Lauber","Tim Lauber"
"Mitchell Leib","Mitchell Leib"
"Michael Levine","Michael Levine"
"Michael Levine","Michael Levine"
"Charles Loper","Charles Loper"
"Frank Marocco","Frank Marocco"
"Barbara McDermott","Barbara McDermott"
"Metro Voices","Metro Voices"
"Alan Meyerson","Alan Meyerson"
"Alan Meyerson","Alan Meyerson"
"Adam Michalak","Adam Michalak"
"Suzette Moriarty","Suzette Moriarty"
"Melissa Muik","Melissa Muik"
"Melissa Muik","Melissa Muik"
"Melissa Tortuga Wench Muik","Melissa Muik"
"Melissa Tortuga Wench Muik","Melissa Muik"
"Blake Neely","Blake Neely"
"Michael O'Donovan","Michael O'Donovan"
"Jenny O'Grady","Jenny O'Grady"
"Heitor Teixeira Pereira","Heitor Teixeira Pereira"
"Francesco Perlangeli","Francesco Perlangeli"
"Simon Phillips","Simon Phillips"
"Nyree Pinder","Nyree Pinder"
"Hila Plitmann","Hila Plitmann"
"Tom Raney","Tom Raney"
"Tomas Raney","Tomas Raney"
"Jim Raycroft","Jim Raycroft"
"Terry Rossio","Terry Rossio"
"Geri Rotella","Geri Rotella"
"Peter Rotter","Peter Rotter"
"Czarina Russell","Czarina Russell"
"Jay Selvester","Jay Selvester"
"Jacob Shea","Jacob Shea"
"Peter Oso Snell","Peter Oso Snell"
"John Sponsler","John Sponsler"
"Denis St. Amand","Denis St. Amand"
"Tom Steel","Tom Steel"
"Jill Streater","Jill Streater"
"Pat Sullivan","Pat Sullivan"
"Patricia Sullivan","Patricia Sullivan"
"Chelley Sydow","Chelley Sydow"
"Bobby Tahouri","Bobby Tahouri"
"Sean Tejaratchi","Sean Tejaratchi"
"James Thatcher","James Thatcher"
"Martin Tillman","Martin Tillman"
"Doug Tornquist","Doug Tornquist"
"Gore Verbinski","Gore Verbinski"
"Gore Verbinski","Gore Verbinski"
"Greg Vines","Greg Vines"
"Jim Walker","Jim Walker"
"Matt Ward","Matt Ward"
"Matt Ward","Matt Ward"
"Ned Wertimer","Ned Wertimer"
"Mark Wherry","Mark Wherry"
"Mark Wherry","Mark Wherry"
"Andrew Zack","Andrew Zack"
"Geoff Zanelli","Geoff Zanelli"
"Monica Zierhut","Monica Zierhut"
"Hans Zimmer","Hans Zimmer"
"Hans Zimmer","Hans Zimmer"
"Hans Zimmer","Hans Zimmer"
"Dan Zimmerman","Dan Zimmerman"
"Daniel Zimmerman","Daniel Zimmerman"
