"constituent/id/2","constituent/id/2/name"
"constituent/id/3","constituent/id/3/name"
"constituent/id/5","constituent/id/5/name"
"constituent/id/6","constituent/id/6/name"
"constituent/id/7","constituent/id/7/name"
"constituent/id/8","constituent/id/8/name"
"constituent/id/9","constituent/id/9/name"
"constituent/id/10","constituent/id/10/name"
"constituent/id/11","constituent/id/11/name"
"constituent/id/12","constituent/id/12/name"
"constituent/id/13","constituent/id/13/name"
"constituent/id/14","constituent/id/14/name"
"constituent/id/15","constituent/id/15/name"
"constituent/id/16","constituent/id/16/name"
"constituent/id/17","constituent/id/17/name"
"constituent/id/18","constituent/id/18/name"
"constituent/id/20","constituent/id/20/name"
"constituent/id/21","constituent/id/21/name"
"constituent/id/22","constituent/id/22/name"
"constituent/id/23","constituent/id/23/name"
"constituent/id/24","constituent/id/24/name"
"constituent/id/25","constituent/id/25/name"
"constituent/id/26","constituent/id/26/name"
"constituent/id/27","constituent/id/27/name"
"constituent/id/28","constituent/id/28/name"
"constituent/id/29","constituent/id/29/name"
"constituent/id/30","constituent/id/30/name"
"constituent/id/31","constituent/id/31/name"
"constituent/id/32","constituent/id/32/name"
"constituent/id/33","constituent/id/33/name"
"constituent/id/34","constituent/id/34/name"
"constituent/id/35","constituent/id/35/name"
"constituent/id/36","constituent/id/36/name"
"constituent/id/37","constituent/id/37/name"
"constituent/id/38","constituent/id/38/name"
"constituent/id/39","constituent/id/39/name"
"constituent/id/40","constituent/id/40/name"
"constituent/id/41","constituent/id/41/name"
"constituent/id/43","constituent/id/43/name"
"constituent/id/44","constituent/id/44/name"
"constituent/id/45","constituent/id/45/name"
"constituent/id/46","constituent/id/46/name"
"constituent/id/47","constituent/id/47/name"
"constituent/id/48","constituent/id/48/name"
"constituent/id/49","constituent/id/49/name"
"constituent/id/50","constituent/id/50/name"
"constituent/id/51","constituent/id/51/name"
"constituent/id/52","constituent/id/52/name"
"constituent/id/53","constituent/id/53/name"
"constituent/id/54","constituent/id/54/name"
"constituent/id/55","constituent/id/55/name"
"constituent/id/57","constituent/id/57/name"
"constituent/id/58","constituent/id/58/name"
"constituent/id/59","constituent/id/59/name"
"constituent/id/60","constituent/id/60/name"
"constituent/id/61","constituent/id/61/name"
"constituent/id/62","constituent/id/62/name"
"constituent/id/63","constituent/id/63/name"
"constituent/id/64","constituent/id/64/name"
"constituent/id/65","constituent/id/65/name"
"constituent/id/66","constituent/id/66/name"
"constituent/id/67","constituent/id/67/name"
"constituent/id/68","constituent/id/68/name"
"constituent/id/69","constituent/id/69/name"
"constituent/id/70","constituent/id/70/name"
"constituent/id/71","constituent/id/71/name"
"constituent/id/72","constituent/id/72/name"
"constituent/id/75","constituent/id/75/name"
"constituent/id/76","constituent/id/76/name"
"constituent/id/77","constituent/id/77/name"
"constituent/id/78","constituent/id/78/name"
"constituent/id/79","constituent/id/79/name"
"constituent/id/80","constituent/id/80/name"
"constituent/id/81","constituent/id/81/name"
"constituent/id/83","constituent/id/83/name"
"constituent/id/84","constituent/id/84/name"
"constituent/id/85","constituent/id/85/name"
"constituent/id/86","constituent/id/86/name"
"constituent/id/87","constituent/id/87/name"
"constituent/id/88","constituent/id/88/name"
"constituent/id/89","constituent/id/89/name"
"constituent/id/90","constituent/id/90/name"
"constituent/id/91","constituent/id/91/name"
"constituent/id/92","constituent/id/92/name"
"constituent/id/93","constituent/id/93/name"
"constituent/id/94","constituent/id/94/name"
"constituent/id/95","constituent/id/95/name"
"constituent/id/96","constituent/id/96/name"
"constituent/id/97","constituent/id/97/name"
"constituent/id/98","constituent/id/98/name"
"constituent/id/99","constituent/id/99/name"
"constituent/id/100","constituent/id/100/name"
"constituent/id/101","constituent/id/101/name"
"constituent/id/102","constituent/id/102/name"
"constituent/id/103","constituent/id/103/name"
"constituent/id/104","constituent/id/104/name"
"constituent/id/105","constituent/id/105/name"
"constituent/id/106","constituent/id/106/name"
"constituent/id/107","constituent/id/107/name"
"constituent/id/108","constituent/id/108/name"
"constituent/id/109","constituent/id/109/name"
"constituent/id/110","constituent/id/110/name"
"constituent/id/111","constituent/id/111/name"
"constituent/id/112","constituent/id/112/name"
"constituent/id/113","constituent/id/113/name"
"constituent/id/114","constituent/id/114/name"
"constituent/id/115","constituent/id/115/name"
"constituent/id/116","constituent/id/116/name"
"constituent/id/117","constituent/id/117/name"
"constituent/id/120","constituent/id/120/name"
"constituent/id/121","constituent/id/121/name"
"constituent/id/122","constituent/id/122/name"
"constituent/id/123","constituent/id/123/name"
"constituent/id/124","constituent/id/124/name"
"constituent/id/125","constituent/id/125/name"
"constituent/id/126","constituent/id/126/name"
"constituent/id/127","constituent/id/127/name"
"constituent/id/128","constituent/id/128/name"
"constituent/id/129","constituent/id/129/name"
"constituent/id/130","constituent/id/130/name"
"constituent/id/131","constituent/id/131/name"
"constituent/id/132","constituent/id/132/name"
"constituent/id/133","constituent/id/133/name"
"constituent/id/134","constituent/id/134/name"
"constituent/id/135","constituent/id/135/name"
"constituent/id/136","constituent/id/136/name"
"constituent/id/137","constituent/id/137/name"
"constituent/id/138","constituent/id/138/name"
"constituent/id/139","constituent/id/139/name"
"constituent/id/140","constituent/id/140/name"
"constituent/id/141","constituent/id/141/name"
"constituent/id/142","constituent/id/142/name"
"constituent/id/143","constituent/id/143/name"
"constituent/id/144","constituent/id/144/name"
"constituent/id/146","constituent/id/146/name"
"constituent/id/147","constituent/id/147/name"
"constituent/id/148","constituent/id/148/name"
"constituent/id/149","constituent/id/149/name"
"constituent/id/150","constituent/id/150/name"
"constituent/id/151","constituent/id/151/name"
"constituent/id/152","constituent/id/152/name"
"constituent/id/153","constituent/id/153/name"
"constituent/id/154","constituent/id/154/name"
"constituent/id/155","constituent/id/155/name"
"constituent/id/156","constituent/id/156/name"
"constituent/id/157","constituent/id/157/name"
"constituent/id/158","constituent/id/158/name"
"constituent/id/159","constituent/id/159/name"
"constituent/id/160","constituent/id/160/name"
"constituent/id/161","constituent/id/161/name"
"constituent/id/162","constituent/id/162/name"
"constituent/id/164","constituent/id/164/name"
"constituent/id/165","constituent/id/165/name"
"constituent/id/166","constituent/id/166/name"
"constituent/id/168","constituent/id/168/name"
"constituent/id/169","constituent/id/169/name"
"constituent/id/171","constituent/id/171/name"
"constituent/id/172","constituent/id/172/name"
"constituent/id/173","constituent/id/173/name"
"constituent/id/174","constituent/id/174/name"
"constituent/id/175","constituent/id/175/name"
"constituent/id/176","constituent/id/176/name"
"constituent/id/177","constituent/id/177/name"
"constituent/id/178","constituent/id/178/name"
"constituent/id/179","constituent/id/179/name"
"constituent/id/180","constituent/id/180/name"
"constituent/id/181","constituent/id/181/name"
"constituent/id/182","constituent/id/182/name"
"constituent/id/183","constituent/id/183/name"
"constituent/id/184","constituent/id/184/name"
"constituent/id/185","constituent/id/185/name"
"constituent/id/186","constituent/id/186/name"
"constituent/id/187","constituent/id/187/name"
"constituent/id/188","constituent/id/188/name"
"constituent/id/189","constituent/id/189/name"
"constituent/id/190","constituent/id/190/name"
"constituent/id/191","constituent/id/191/name"
"constituent/id/192","constituent/id/192/name"
"constituent/id/193","constituent/id/193/name"
"constituent/id/194","constituent/id/194/name"
"constituent/id/195","constituent/id/195/name"
"constituent/id/196","constituent/id/196/name"
"constituent/id/197","constituent/id/197/name"
"constituent/id/198","constituent/id/198/name"
"constituent/id/200","constituent/id/200/name"
"constituent/id/201","constituent/id/201/name"
"constituent/id/202","constituent/id/202/name"
"constituent/id/203","constituent/id/203/name"
"constituent/id/204","constituent/id/204/name"
"constituent/id/205","constituent/id/205/name"
"constituent/id/206","constituent/id/206/name"
"constituent/id/207","constituent/id/207/name"
"constituent/id/209","constituent/id/209/name"
"constituent/id/210","constituent/id/210/name"
"constituent/id/211","constituent/id/211/name"
"constituent/id/212","constituent/id/212/name"
"constituent/id/213","constituent/id/213/name"
"constituent/id/214","constituent/id/214/name"
"constituent/id/215","constituent/id/215/name"
"constituent/id/216","constituent/id/216/name"
"constituent/id/217","constituent/id/217/name"
"constituent/id/218","constituent/id/218/name"
"constituent/id/219","constituent/id/219/name"
"constituent/id/220","constituent/id/220/name"
"constituent/id/221","constituent/id/221/name"
"constituent/id/222","constituent/id/222/name"
"constituent/id/223","constituent/id/223/name"
"constituent/id/224","constituent/id/224/name"
"constituent/id/225","constituent/id/225/name"
"constituent/id/226","constituent/id/226/name"
"constituent/id/227","constituent/id/227/name"
"constituent/id/228","constituent/id/228/name"
"constituent/id/229","constituent/id/229/name"
"constituent/id/230","constituent/id/230/name"
"constituent/id/232","constituent/id/232/name"
"constituent/id/233","constituent/id/233/name"
"constituent/id/234","constituent/id/234/name"
"constituent/id/235","constituent/id/235/name"
"constituent/id/236","constituent/id/236/name"
"constituent/id/237","constituent/id/237/name"
"constituent/id/238","constituent/id/238/name"
"constituent/id/239","constituent/id/239/name"
"constituent/id/240","constituent/id/240/name"
"constituent/id/241","constituent/id/241/name"
"constituent/id/242","constituent/id/242/name"
"constituent/id/243","constituent/id/243/name"
"constituent/id/244","constituent/id/244/name"
"constituent/id/245","constituent/id/245/name"
"constituent/id/246","constituent/id/246/name"
"constituent/id/247","constituent/id/247/name"
"constituent/id/248","constituent/id/248/name"
"constituent/id/249","constituent/id/249/name"
"constituent/id/250","constituent/id/250/name"
"constituent/id/251","constituent/id/251/name"
"constituent/id/252","constituent/id/252/name"
"constituent/id/253","constituent/id/253/name"
"constituent/id/254","constituent/id/254/name"
"constituent/id/255","constituent/id/255/name"
"constituent/id/256","constituent/id/256/name"
"constituent/id/257","constituent/id/257/name"
"constituent/id/258","constituent/id/258/name"
"constituent/id/259","constituent/id/259/name"
"constituent/id/260","constituent/id/260/name"
"constituent/id/261","constituent/id/261/name"
"constituent/id/262","constituent/id/262/name"
"constituent/id/263","constituent/id/263/name"
"constituent/id/264","constituent/id/264/name"
"constituent/id/265","constituent/id/265/name"
"constituent/id/266","constituent/id/266/name"
"constituent/id/267","constituent/id/267/name"
"constituent/id/268","constituent/id/268/name"
"constituent/id/269","constituent/id/269/name"
"constituent/id/271","constituent/id/271/name"
"constituent/id/272","constituent/id/272/name"
"constituent/id/273","constituent/id/273/name"
"constituent/id/274","constituent/id/274/name"
"constituent/id/275","constituent/id/275/name"
"constituent/id/276","constituent/id/276/name"
"constituent/id/277","constituent/id/277/name"
"constituent/id/278","constituent/id/278/name"
"constituent/id/279","constituent/id/279/name"
"constituent/id/280","constituent/id/280/name"
"constituent/id/281","constituent/id/281/name"
"constituent/id/282","constituent/id/282/name"
"constituent/id/283","constituent/id/283/name"
"constituent/id/284","constituent/id/284/name"
"constituent/id/285","constituent/id/285/name"
"constituent/id/286","constituent/id/286/name"
"constituent/id/287","constituent/id/287/name"
"constituent/id/288","constituent/id/288/name"
"constituent/id/289","constituent/id/289/name"
"constituent/id/290","constituent/id/290/name"
"constituent/id/291","constituent/id/291/name"
"constituent/id/292","constituent/id/292/name"
"constituent/id/294","constituent/id/294/name"
"constituent/id/295","constituent/id/295/name"
"constituent/id/296","constituent/id/296/name"
"constituent/id/297","constituent/id/297/name"
"constituent/id/298","constituent/id/298/name"
"constituent/id/299","constituent/id/299/name"
"constituent/id/300","constituent/id/300/name"
"constituent/id/301","constituent/id/301/name"
"constituent/id/302","constituent/id/302/name"
"constituent/id/303","constituent/id/303/name"
"constituent/id/304","constituent/id/304/name"
"constituent/id/305","constituent/id/305/name"
"constituent/id/306","constituent/id/306/name"
"constituent/id/307","constituent/id/307/name"
"constituent/id/308","constituent/id/308/name"
"constituent/id/309","constituent/id/309/name"
"constituent/id/310","constituent/id/310/name"
"constituent/id/311","constituent/id/311/name"
"constituent/id/312","constituent/id/312/name"
"constituent/id/313","constituent/id/313/name"
"constituent/id/314","constituent/id/314/name"
"constituent/id/315","constituent/id/315/name"
"constituent/id/316","constituent/id/316/name"
"constituent/id/317","constituent/id/317/name"
"constituent/id/318","constituent/id/318/name"
"constituent/id/319","constituent/id/319/name"
"constituent/id/320","constituent/id/320/name"
"constituent/id/321","constituent/id/321/name"
"constituent/id/322","constituent/id/322/name"
"constituent/id/323","constituent/id/323/name"
"constituent/id/324","constituent/id/324/name"
"constituent/id/325","constituent/id/325/name"
"constituent/id/326","constituent/id/326/name"
"constituent/id/328","constituent/id/328/name"
"constituent/id/329","constituent/id/329/name"
"constituent/id/330","constituent/id/330/name"
"constituent/id/332","constituent/id/332/name"
"constituent/id/333","constituent/id/333/name"
"constituent/id/334","constituent/id/334/name"
"constituent/id/335","constituent/id/335/name"
"constituent/id/336","constituent/id/336/name"
"constituent/id/337","constituent/id/337/name"
"constituent/id/338","constituent/id/338/name"
"constituent/id/339","constituent/id/339/name"
"constituent/id/340","constituent/id/340/name"
"constituent/id/341","constituent/id/341/name"
"constituent/id/342","constituent/id/342/name"
"constituent/id/343","constituent/id/343/name"
"constituent/id/344","constituent/id/344/name"
"constituent/id/346","constituent/id/346/name"
"constituent/id/347","constituent/id/347/name"
"constituent/id/348","constituent/id/348/name"
"constituent/id/349","constituent/id/349/name"
"constituent/id/350","constituent/id/350/name"
"constituent/id/351","constituent/id/351/name"
"constituent/id/352","constituent/id/352/name"
"constituent/id/353","constituent/id/353/name"
"constituent/id/354","constituent/id/354/name"
"constituent/id/355","constituent/id/355/name"
"constituent/id/356","constituent/id/356/name"
"constituent/id/357","constituent/id/357/name"
"constituent/id/358","constituent/id/358/name"
"constituent/id/359","constituent/id/359/name"
"constituent/id/360","constituent/id/360/name"
"constituent/id/362","constituent/id/362/name"
"constituent/id/363","constituent/id/363/name"
"constituent/id/364","constituent/id/364/name"
"constituent/id/365","constituent/id/365/name"
"constituent/id/366","constituent/id/366/name"
"constituent/id/367","constituent/id/367/name"
"constituent/id/368","constituent/id/368/name"
"constituent/id/369","constituent/id/369/name"
"constituent/id/370","constituent/id/370/name"
"constituent/id/371","constituent/id/371/name"
"constituent/id/372","constituent/id/372/name"
"constituent/id/373","constituent/id/373/name"
"constituent/id/374","constituent/id/374/name"
"constituent/id/375","constituent/id/375/name"
"constituent/id/376","constituent/id/376/name"
"constituent/id/377","constituent/id/377/name"
"constituent/id/378","constituent/id/378/name"
"constituent/id/379","constituent/id/379/name"
"constituent/id/380","constituent/id/380/name"
"constituent/id/381","constituent/id/381/name"
"constituent/id/383","constituent/id/383/name"
"constituent/id/384","constituent/id/384/name"
"constituent/id/385","constituent/id/385/name"
"constituent/id/387","constituent/id/387/name"
"constituent/id/388","constituent/id/388/name"
"constituent/id/389","constituent/id/389/name"
"constituent/id/390","constituent/id/390/name"
"constituent/id/391","constituent/id/391/name"
"constituent/id/393","constituent/id/393/name"
"constituent/id/394","constituent/id/394/name"
"constituent/id/396","constituent/id/396/name"
"constituent/id/397","constituent/id/397/name"
"constituent/id/398","constituent/id/398/name"
"constituent/id/399","constituent/id/399/name"
"constituent/id/400","constituent/id/400/name"
"constituent/id/401","constituent/id/401/name"
"constituent/id/402","constituent/id/402/name"
"constituent/id/403","constituent/id/403/name"
"constituent/id/404","constituent/id/404/name"
"constituent/id/405","constituent/id/405/name"
"constituent/id/406","constituent/id/406/name"
"constituent/id/407","constituent/id/407/name"
"constituent/id/408","constituent/id/408/name"
"constituent/id/409","constituent/id/409/name"
"constituent/id/410","constituent/id/410/name"
"constituent/id/411","constituent/id/411/name"
"constituent/id/412","constituent/id/412/name"
"constituent/id/413","constituent/id/413/name"
"constituent/id/414","constituent/id/414/name"
"constituent/id/415","constituent/id/415/name"
"constituent/id/416","constituent/id/416/name"
"constituent/id/417","constituent/id/417/name"
"constituent/id/418","constituent/id/418/name"
"constituent/id/419","constituent/id/419/name"
"constituent/id/420","constituent/id/420/name"
"constituent/id/421","constituent/id/421/name"
"constituent/id/422","constituent/id/422/name"
"constituent/id/424","constituent/id/424/name"
"constituent/id/425","constituent/id/425/name"
"constituent/id/426","constituent/id/426/name"
"constituent/id/427","constituent/id/427/name"
"constituent/id/428","constituent/id/428/name"
"constituent/id/429","constituent/id/429/name"
"constituent/id/430","constituent/id/430/name"
"constituent/id/431","constituent/id/431/name"
"constituent/id/433","constituent/id/433/name"
"constituent/id/434","constituent/id/434/name"
"constituent/id/435","constituent/id/435/name"
"constituent/id/436","constituent/id/436/name"
"constituent/id/437","constituent/id/437/name"
"constituent/id/438","constituent/id/438/name"
"constituent/id/439","constituent/id/439/name"
"constituent/id/441","constituent/id/441/name"
"constituent/id/442","constituent/id/442/name"
"constituent/id/443","constituent/id/443/name"
"constituent/id/444","constituent/id/444/name"
"constituent/id/445","constituent/id/445/name"
"constituent/id/446","constituent/id/446/name"
"constituent/id/448","constituent/id/448/name"
"constituent/id/451","constituent/id/451/name"
"constituent/id/452","constituent/id/452/name"
"constituent/id/453","constituent/id/453/name"
"constituent/id/454","constituent/id/454/name"
"constituent/id/455","constituent/id/455/name"
"constituent/id/457","constituent/id/457/name"
"constituent/id/458","constituent/id/458/name"
"constituent/id/459","constituent/id/459/name"
"constituent/id/460","constituent/id/460/name"
"constituent/id/461","constituent/id/461/name"
"constituent/id/462","constituent/id/462/name"
"constituent/id/463","constituent/id/463/name"
"constituent/id/464","constituent/id/464/name"
"constituent/id/465","constituent/id/465/name"
"constituent/id/466","constituent/id/466/name"
"constituent/id/468","constituent/id/468/name"
"constituent/id/470","constituent/id/470/name"
"constituent/id/471","constituent/id/471/name"
"constituent/id/472","constituent/id/472/name"
"constituent/id/473","constituent/id/473/name"
"constituent/id/475","constituent/id/475/name"
"constituent/id/476","constituent/id/476/name"
"constituent/id/477","constituent/id/477/name"
"constituent/id/478","constituent/id/478/name"
"constituent/id/479","constituent/id/479/name"
"constituent/id/480","constituent/id/480/name"
"constituent/id/481","constituent/id/481/name"
"constituent/id/482","constituent/id/482/name"
"constituent/id/484","constituent/id/484/name"
"constituent/id/485","constituent/id/485/name"
"constituent/id/486","constituent/id/486/name"
"constituent/id/487","constituent/id/487/name"
"constituent/id/488","constituent/id/488/name"
"constituent/id/489","constituent/id/489/name"
"constituent/id/490","constituent/id/490/name"
"constituent/id/491","constituent/id/491/name"
"constituent/id/492","constituent/id/492/name"
"constituent/id/493","constituent/id/493/name"
"constituent/id/494","constituent/id/494/name"
"constituent/id/495","constituent/id/495/name"
"constituent/id/496","constituent/id/496/name"
"constituent/id/498","constituent/id/498/name"
"constituent/id/499","constituent/id/499/name"
"constituent/id/500","constituent/id/500/name"
"constituent/id/501","constituent/id/501/name"
"constituent/id/502","constituent/id/502/name"
"constituent/id/503","constituent/id/503/name"
"constituent/id/505","constituent/id/505/name"
"constituent/id/506","constituent/id/506/name"
"constituent/id/507","constituent/id/507/name"
"constituent/id/508","constituent/id/508/name"
"constituent/id/509","constituent/id/509/name"
"constituent/id/511","constituent/id/511/name"
"constituent/id/512","constituent/id/512/name"
"constituent/id/514","constituent/id/514/name"
"constituent/id/515","constituent/id/515/name"
"constituent/id/517","constituent/id/517/name"
"constituent/id/521","constituent/id/521/name"
"constituent/id/522","constituent/id/522/name"
"constituent/id/523","constituent/id/523/name"
"constituent/id/525","constituent/id/525/name"
"constituent/id/526","constituent/id/526/name"
"constituent/id/527","constituent/id/527/name"
"constituent/id/529","constituent/id/529/name"
"constituent/id/530","constituent/id/530/name"
"constituent/id/531","constituent/id/531/name"
"constituent/id/532","constituent/id/532/name"
"constituent/id/533","constituent/id/533/name"
"constituent/id/536","constituent/id/536/name"
"constituent/id/537","constituent/id/537/name"
"constituent/id/538","constituent/id/538/name"
"constituent/id/539","constituent/id/539/name"
"constituent/id/540","constituent/id/540/name"
"constituent/id/541","constituent/id/541/name"
"constituent/id/543","constituent/id/543/name"
"constituent/id/544","constituent/id/544/name"
"constituent/id/545","constituent/id/545/name"
"constituent/id/546","constituent/id/546/name"
"constituent/id/547","constituent/id/547/name"
"constituent/id/548","constituent/id/548/name"
"constituent/id/549","constituent/id/549/name"
"constituent/id/550","constituent/id/550/name"
"constituent/id/551","constituent/id/551/name"
"constituent/id/552","constituent/id/552/name"
"constituent/id/553","constituent/id/553/name"
"constituent/id/554","constituent/id/554/name"
"constituent/id/555","constituent/id/555/name"
"constituent/id/556","constituent/id/556/name"
"constituent/id/557","constituent/id/557/name"
"constituent/id/558","constituent/id/558/name"
"constituent/id/560","constituent/id/560/name"
"constituent/id/561","constituent/id/561/name"
"constituent/id/562","constituent/id/562/name"
"constituent/id/563","constituent/id/563/name"
"constituent/id/564","constituent/id/564/name"
"constituent/id/565","constituent/id/565/name"
"constituent/id/566","constituent/id/566/name"
"constituent/id/567","constituent/id/567/name"
"constituent/id/568","constituent/id/568/name"
"constituent/id/569","constituent/id/569/name"
"constituent/id/570","constituent/id/570/name"
"constituent/id/571","constituent/id/571/name"
"constituent/id/572","constituent/id/572/name"
"constituent/id/573","constituent/id/573/name"
"constituent/id/574","constituent/id/574/name"
"constituent/id/575","constituent/id/575/name"
"constituent/id/576","constituent/id/576/name"
"constituent/id/577","constituent/id/577/name"
"constituent/id/578","constituent/id/578/name"
"constituent/id/579","constituent/id/579/name"
"constituent/id/580","constituent/id/580/name"
"constituent/id/581","constituent/id/581/name"
"constituent/id/582","constituent/id/582/name"
"constituent/id/583","constituent/id/583/name"
"constituent/id/584","constituent/id/584/name"
"constituent/id/586","constituent/id/586/name"
"constituent/id/587","constituent/id/587/name"
"constituent/id/588","constituent/id/588/name"
"constituent/id/589","constituent/id/589/name"
"constituent/id/590","constituent/id/590/name"
"constituent/id/591","constituent/id/591/name"
"constituent/id/592","constituent/id/592/name"
"constituent/id/593","constituent/id/593/name"
"constituent/id/594","constituent/id/594/name"
"constituent/id/595","constituent/id/595/name"
"constituent/id/596","constituent/id/596/name"
"constituent/id/597","constituent/id/597/name"
"constituent/id/598","constituent/id/598/name"
"constituent/id/599","constituent/id/599/name"
"constituent/id/600","constituent/id/600/name"
"constituent/id/601","constituent/id/601/name"
"constituent/id/602","constituent/id/602/name"
"constituent/id/603","constituent/id/603/name"
"constituent/id/604","constituent/id/604/name"
"constituent/id/605","constituent/id/605/name"
"constituent/id/606","constituent/id/606/name"
"constituent/id/607","constituent/id/607/name"
"constituent/id/608","constituent/id/608/name"
"constituent/id/609","constituent/id/609/name"
"constituent/id/610","constituent/id/610/name"
"constituent/id/611","constituent/id/611/name"
"constituent/id/612","constituent/id/612/name"
"constituent/id/614","constituent/id/614/name"
"constituent/id/615","constituent/id/615/name"
"constituent/id/616","constituent/id/616/name"
"constituent/id/617","constituent/id/617/name"
"constituent/id/618","constituent/id/618/name"
"constituent/id/620","constituent/id/620/name"
"constituent/id/621","constituent/id/621/name"
"constituent/id/622","constituent/id/622/name"
"constituent/id/623","constituent/id/623/name"
"constituent/id/624","constituent/id/624/name"
"constituent/id/625","constituent/id/625/name"
"constituent/id/626","constituent/id/626/name"
"constituent/id/627","constituent/id/627/name"
"constituent/id/628","constituent/id/628/name"
"constituent/id/629","constituent/id/629/name"
"constituent/id/630","constituent/id/630/name"
"constituent/id/631","constituent/id/631/name"
"constituent/id/632","constituent/id/632/name"
"constituent/id/633","constituent/id/633/name"
"constituent/id/634","constituent/id/634/name"
"constituent/id/635","constituent/id/635/name"
"constituent/id/636","constituent/id/636/name"
"constituent/id/637","constituent/id/637/name"
"constituent/id/638","constituent/id/638/name"
"constituent/id/639","constituent/id/639/name"
"constituent/id/640","constituent/id/640/name"
"constituent/id/642","constituent/id/642/name"
"constituent/id/643","constituent/id/643/name"
"constituent/id/644","constituent/id/644/name"
"constituent/id/645","constituent/id/645/name"
"constituent/id/646","constituent/id/646/name"
"constituent/id/648","constituent/id/648/name"
"constituent/id/649","constituent/id/649/name"
"constituent/id/650","constituent/id/650/name"
"constituent/id/651","constituent/id/651/name"
"constituent/id/652","constituent/id/652/name"
"constituent/id/653","constituent/id/653/name"
"constituent/id/654","constituent/id/654/name"
"constituent/id/655","constituent/id/655/name"
"constituent/id/656","constituent/id/656/name"
"constituent/id/657","constituent/id/657/name"
"constituent/id/658","constituent/id/658/name"
"constituent/id/659","constituent/id/659/name"
"constituent/id/660","constituent/id/660/name"
"constituent/id/661","constituent/id/661/name"
"constituent/id/662","constituent/id/662/name"
"constituent/id/663","constituent/id/663/name"
"constituent/id/664","constituent/id/664/name"
"constituent/id/665","constituent/id/665/name"
"constituent/id/666","constituent/id/666/name"
"constituent/id/667","constituent/id/667/name"
"constituent/id/668","constituent/id/668/name"
"constituent/id/669","constituent/id/669/name"
"constituent/id/670","constituent/id/670/name"
"constituent/id/671","constituent/id/671/name"
"constituent/id/672","constituent/id/672/name"
"constituent/id/673","constituent/id/673/name"
"constituent/id/674","constituent/id/674/name"
"constituent/id/675","constituent/id/675/name"
"constituent/id/676","constituent/id/676/name"
"constituent/id/677","constituent/id/677/name"
"constituent/id/678","constituent/id/678/name"
"constituent/id/679","constituent/id/679/name"
"constituent/id/680","constituent/id/680/name"
"constituent/id/681","constituent/id/681/name"
"constituent/id/682","constituent/id/682/name"
"constituent/id/683","constituent/id/683/name"
"constituent/id/684","constituent/id/684/name"
"constituent/id/685","constituent/id/685/name"
"constituent/id/686","constituent/id/686/name"
"constituent/id/687","constituent/id/687/name"
"constituent/id/688","constituent/id/688/name"
"constituent/id/689","constituent/id/689/name"
"constituent/id/690","constituent/id/690/name"
"constituent/id/691","constituent/id/691/name"
"constituent/id/692","constituent/id/692/name"
"constituent/id/693","constituent/id/693/name"
"constituent/id/694","constituent/id/694/name"
"constituent/id/695","constituent/id/695/name"
"constituent/id/696","constituent/id/696/name"
"constituent/id/697","constituent/id/697/name"
"constituent/id/698","constituent/id/698/name"
"constituent/id/699","constituent/id/699/name"
"constituent/id/701","constituent/id/701/name"
"constituent/id/702","constituent/id/702/name"
"constituent/id/703","constituent/id/703/name"
"constituent/id/704","constituent/id/704/name"
"constituent/id/705","constituent/id/705/name"
"constituent/id/706","constituent/id/706/name"
"constituent/id/707","constituent/id/707/name"
"constituent/id/708","constituent/id/708/name"
"constituent/id/709","constituent/id/709/name"
"constituent/id/710","constituent/id/710/name"
"constituent/id/711","constituent/id/711/name"
"constituent/id/712","constituent/id/712/name"
"constituent/id/713","constituent/id/713/name"
"constituent/id/714","constituent/id/714/name"
"constituent/id/715","constituent/id/715/name"
"constituent/id/716","constituent/id/716/name"
"constituent/id/718","constituent/id/718/name"
"constituent/id/720","constituent/id/720/name"
"constituent/id/721","constituent/id/721/name"
"constituent/id/723","constituent/id/723/name"
"constituent/id/724","constituent/id/724/name"
"constituent/id/725","constituent/id/725/name"
"constituent/id/727","constituent/id/727/name"
"constituent/id/728","constituent/id/728/name"
"constituent/id/729","constituent/id/729/name"
"constituent/id/730","constituent/id/730/name"
"constituent/id/731","constituent/id/731/name"
"constituent/id/732","constituent/id/732/name"
"constituent/id/733","constituent/id/733/name"
"constituent/id/734","constituent/id/734/name"
"constituent/id/735","constituent/id/735/name"
"constituent/id/736","constituent/id/736/name"
"constituent/id/737","constituent/id/737/name"
"constituent/id/738","constituent/id/738/name"
"constituent/id/739","constituent/id/739/name"
"constituent/id/741","constituent/id/741/name"
"constituent/id/742","constituent/id/742/name"
"constituent/id/743","constituent/id/743/name"
"constituent/id/744","constituent/id/744/name"
"constituent/id/745","constituent/id/745/name"
"constituent/id/746","constituent/id/746/name"
"constituent/id/747","constituent/id/747/name"
"constituent/id/748","constituent/id/748/name"
"constituent/id/749","constituent/id/749/name"
"constituent/id/750","constituent/id/750/name"
"constituent/id/751","constituent/id/751/name"
"constituent/id/752","constituent/id/752/name"
"constituent/id/753","constituent/id/753/name"
"constituent/id/754","constituent/id/754/name"
"constituent/id/755","constituent/id/755/name"
"constituent/id/756","constituent/id/756/name"
"constituent/id/757","constituent/id/757/name"
"constituent/id/758","constituent/id/758/name"
"constituent/id/759","constituent/id/759/name"
"constituent/id/760","constituent/id/760/name"
"constituent/id/761","constituent/id/761/name"
"constituent/id/762","constituent/id/762/name"
"constituent/id/763","constituent/id/763/name"
"constituent/id/764","constituent/id/764/name"
"constituent/id/765","constituent/id/765/name"
"constituent/id/766","constituent/id/766/name"
"constituent/id/767","constituent/id/767/name"
"constituent/id/768","constituent/id/768/name"
"constituent/id/769","constituent/id/769/name"
"constituent/id/770","constituent/id/770/name"
"constituent/id/771","constituent/id/771/name"
"constituent/id/772","constituent/id/772/name"
"constituent/id/773","constituent/id/773/name"
"constituent/id/774","constituent/id/774/name"
"constituent/id/775","constituent/id/775/name"
"constituent/id/776","constituent/id/776/name"
"constituent/id/777","constituent/id/777/name"
"constituent/id/778","constituent/id/778/name"
"constituent/id/779","constituent/id/779/name"
"constituent/id/780","constituent/id/780/name"
"constituent/id/781","constituent/id/781/name"
"constituent/id/782","constituent/id/782/name"
"constituent/id/783","constituent/id/783/name"
"constituent/id/784","constituent/id/784/name"
"constituent/id/785","constituent/id/785/name"
"constituent/id/786","constituent/id/786/name"
"constituent/id/787","constituent/id/787/name"
"constituent/id/788","constituent/id/788/name"
"constituent/id/790","constituent/id/790/name"
"constituent/id/791","constituent/id/791/name"
"constituent/id/792","constituent/id/792/name"
"constituent/id/793","constituent/id/793/name"
"constituent/id/794","constituent/id/794/name"
"constituent/id/795","constituent/id/795/name"
"constituent/id/796","constituent/id/796/name"
"constituent/id/797","constituent/id/797/name"
"constituent/id/798","constituent/id/798/name"
"constituent/id/799","constituent/id/799/name"
"constituent/id/800","constituent/id/800/name"
"constituent/id/801","constituent/id/801/name"
"constituent/id/802","constituent/id/802/name"
"constituent/id/803","constituent/id/803/name"
"constituent/id/804","constituent/id/804/name"
"constituent/id/805","constituent/id/805/name"
"constituent/id/806","constituent/id/806/name"
"constituent/id/807","constituent/id/807/name"
"constituent/id/808","constituent/id/808/name"
"constituent/id/810","constituent/id/810/name"
"constituent/id/811","constituent/id/811/name"
"constituent/id/812","constituent/id/812/name"
"constituent/id/814","constituent/id/814/name"
"constituent/id/815","constituent/id/815/name"
"constituent/id/816","constituent/id/816/name"
"constituent/id/817","constituent/id/817/name"
"constituent/id/818","constituent/id/818/name"
"constituent/id/819","constituent/id/819/name"
"constituent/id/820","constituent/id/820/name"
"constituent/id/821","constituent/id/821/name"
"constituent/id/822","constituent/id/822/name"
"constituent/id/823","constituent/id/823/name"
"constituent/id/824","constituent/id/824/name"
"constituent/id/825","constituent/id/825/name"
"constituent/id/826","constituent/id/826/name"
"constituent/id/827","constituent/id/827/name"
"constituent/id/828","constituent/id/828/name"
"constituent/id/829","constituent/id/829/name"
"constituent/id/830","constituent/id/830/name"
"constituent/id/831","constituent/id/831/name"
"constituent/id/832","constituent/id/832/name"
"constituent/id/833","constituent/id/833/name"
"constituent/id/834","constituent/id/834/name"
"constituent/id/835","constituent/id/835/name"
"constituent/id/836","constituent/id/836/name"
"constituent/id/837","constituent/id/837/name"
"constituent/id/838","constituent/id/838/name"
"constituent/id/839","constituent/id/839/name"
"constituent/id/840","constituent/id/840/name"
"constituent/id/841","constituent/id/841/name"
"constituent/id/842","constituent/id/842/name"
"constituent/id/843","constituent/id/843/name"
"constituent/id/844","constituent/id/844/name"
"constituent/id/846","constituent/id/846/name"
"constituent/id/847","constituent/id/847/name"
"constituent/id/848","constituent/id/848/name"
"constituent/id/849","constituent/id/849/name"
"constituent/id/850","constituent/id/850/name"
"constituent/id/853","constituent/id/853/name"
"constituent/id/854","constituent/id/854/name"
"constituent/id/855","constituent/id/855/name"
"constituent/id/857","constituent/id/857/name"
"constituent/id/858","constituent/id/858/name"
"constituent/id/859","constituent/id/859/name"
"constituent/id/861","constituent/id/861/name"
"constituent/id/862","constituent/id/862/name"
"constituent/id/865","constituent/id/865/name"
"constituent/id/866","constituent/id/866/name"
"constituent/id/867","constituent/id/867/name"
"constituent/id/868","constituent/id/868/name"
"constituent/id/869","constituent/id/869/name"
"constituent/id/870","constituent/id/870/name"
"constituent/id/871","constituent/id/871/name"
"constituent/id/872","constituent/id/872/name"
"constituent/id/873","constituent/id/873/name"
"constituent/id/874","constituent/id/874/name"
"constituent/id/875","constituent/id/875/name"
"constituent/id/876","constituent/id/876/name"
"constituent/id/877","constituent/id/877/name"
"constituent/id/878","constituent/id/878/name"
"constituent/id/879","constituent/id/879/name"
"constituent/id/880","constituent/id/880/name"
"constituent/id/881","constituent/id/881/name"
"constituent/id/882","constituent/id/882/name"
"constituent/id/883","constituent/id/883/name"
"constituent/id/884","constituent/id/884/name"
"constituent/id/885","constituent/id/885/name"
"constituent/id/886","constituent/id/886/name"
"constituent/id/887","constituent/id/887/name"
"constituent/id/888","constituent/id/888/name"
"constituent/id/889","constituent/id/889/name"
"constituent/id/890","constituent/id/890/name"
"constituent/id/891","constituent/id/891/name"
"constituent/id/892","constituent/id/892/name"
"constituent/id/893","constituent/id/893/name"
"constituent/id/894","constituent/id/894/name"
"constituent/id/895","constituent/id/895/name"
"constituent/id/896","constituent/id/896/name"
"constituent/id/897","constituent/id/897/name"
"constituent/id/898","constituent/id/898/name"
"constituent/id/899","constituent/id/899/name"
"constituent/id/900","constituent/id/900/name"
"constituent/id/901","constituent/id/901/name"
"constituent/id/902","constituent/id/902/name"
"constituent/id/903","constituent/id/903/name"
"constituent/id/905","constituent/id/905/name"
"constituent/id/906","constituent/id/906/name"
"constituent/id/908","constituent/id/908/name"
"constituent/id/909","constituent/id/909/name"
"constituent/id/910","constituent/id/910/name"
"constituent/id/911","constituent/id/911/name"
"constituent/id/912","constituent/id/912/name"
"constituent/id/913","constituent/id/913/name"
"constituent/id/914","constituent/id/914/name"
"constituent/id/915","constituent/id/915/name"
"constituent/id/917","constituent/id/917/name"
"constituent/id/918","constituent/id/918/name"
"constituent/id/919","constituent/id/919/name"
"constituent/id/920","constituent/id/920/name"
"constituent/id/921","constituent/id/921/name"
"constituent/id/922","constituent/id/922/name"
"constituent/id/923","constituent/id/923/name"
"constituent/id/924","constituent/id/924/name"
"constituent/id/926","constituent/id/926/name"
"constituent/id/927","constituent/id/927/name"
"constituent/id/928","constituent/id/928/name"
"constituent/id/929","constituent/id/929/name"
"constituent/id/930","constituent/id/930/name"
"constituent/id/931","constituent/id/931/name"
"constituent/id/932","constituent/id/932/name"
"constituent/id/933","constituent/id/933/name"
"constituent/id/934","constituent/id/934/name"
"constituent/id/935","constituent/id/935/name"
"constituent/id/936","constituent/id/936/name"
"constituent/id/937","constituent/id/937/name"
"constituent/id/938","constituent/id/938/name"
"constituent/id/939","constituent/id/939/name"
"constituent/id/940","constituent/id/940/name"
"constituent/id/941","constituent/id/941/name"
"constituent/id/942","constituent/id/942/name"
"constituent/id/943","constituent/id/943/name"
"constituent/id/944","constituent/id/944/name"
"constituent/id/945","constituent/id/945/name"
"constituent/id/946","constituent/id/946/name"
"constituent/id/947","constituent/id/947/name"
"constituent/id/949","constituent/id/949/name"
"constituent/id/950","constituent/id/950/name"
"constituent/id/953","constituent/id/953/name"
"constituent/id/954","constituent/id/954/name"
"constituent/id/955","constituent/id/955/name"
"constituent/id/956","constituent/id/956/name"
"constituent/id/958","constituent/id/958/name"
"constituent/id/959","constituent/id/959/name"
"constituent/id/960","constituent/id/960/name"
"constituent/id/961","constituent/id/961/name"
"constituent/id/964","constituent/id/964/name"
"constituent/id/965","constituent/id/965/name"
"constituent/id/966","constituent/id/966/name"
"constituent/id/967","constituent/id/967/name"
"constituent/id/968","constituent/id/968/name"
"constituent/id/969","constituent/id/969/name"
"constituent/id/970","constituent/id/970/name"
"constituent/id/971","constituent/id/971/name"
"constituent/id/972","constituent/id/972/name"
"constituent/id/973","constituent/id/973/name"
"constituent/id/974","constituent/id/974/name"
"constituent/id/975","constituent/id/975/name"
"constituent/id/977","constituent/id/977/name"
"constituent/id/979","constituent/id/979/name"
"constituent/id/981","constituent/id/981/name"
"constituent/id/982","constituent/id/982/name"
"constituent/id/983","constituent/id/983/name"
"constituent/id/984","constituent/id/984/name"
"constituent/id/985","constituent/id/985/name"
"constituent/id/986","constituent/id/986/name"
"constituent/id/987","constituent/id/987/name"
"constituent/id/988","constituent/id/988/name"
"constituent/id/989","constituent/id/989/name"
"constituent/id/990","constituent/id/990/name"
"constituent/id/991","constituent/id/991/name"
"constituent/id/992","constituent/id/992/name"
"constituent/id/993","constituent/id/993/name"
"constituent/id/994","constituent/id/994/name"
"constituent/id/995","constituent/id/995/name"
"constituent/id/996","constituent/id/996/name"
"constituent/id/997","constituent/id/997/name"
"constituent/id/998","constituent/id/998/name"
"constituent/id/1000","constituent/id/1000/name"
"constituent/id/1001","constituent/id/1001/name"
"constituent/id/1003","constituent/id/1003/name"
"constituent/id/1004","constituent/id/1004/name"
"constituent/id/1005","constituent/id/1005/name"
"constituent/id/1006","constituent/id/1006/name"
"constituent/id/1007","constituent/id/1007/name"
"constituent/id/1008","constituent/id/1008/name"
"constituent/id/1009","constituent/id/1009/name"
"constituent/id/1010","constituent/id/1010/name"
"constituent/id/1011","constituent/id/1011/name"
"constituent/id/1012","constituent/id/1012/name"
"constituent/id/1013","constituent/id/1013/name"
"constituent/id/1014","constituent/id/1014/name"
"constituent/id/1015","constituent/id/1015/name"
"constituent/id/1016","constituent/id/1016/name"
"constituent/id/1017","constituent/id/1017/name"
"constituent/id/1018","constituent/id/1018/name"
"constituent/id/1020","constituent/id/1020/name"
"constituent/id/1021","constituent/id/1021/name"
"constituent/id/1022","constituent/id/1022/name"
"constituent/id/1025","constituent/id/1025/name"
"constituent/id/1026","constituent/id/1026/name"
"constituent/id/1027","constituent/id/1027/name"
"constituent/id/1028","constituent/id/1028/name"
"constituent/id/1029","constituent/id/1029/name"
"constituent/id/1030","constituent/id/1030/name"
"constituent/id/1031","constituent/id/1031/name"
"constituent/id/1032","constituent/id/1032/name"
"constituent/id/1033","constituent/id/1033/name"
"constituent/id/1034","constituent/id/1034/name"
"constituent/id/1035","constituent/id/1035/name"
"constituent/id/1036","constituent/id/1036/name"
"constituent/id/1037","constituent/id/1037/name"
"constituent/id/1038","constituent/id/1038/name"
"constituent/id/1039","constituent/id/1039/name"
"constituent/id/1040","constituent/id/1040/name"
"constituent/id/1042","constituent/id/1042/name"
"constituent/id/1043","constituent/id/1043/name"
"constituent/id/1044","constituent/id/1044/name"
"constituent/id/1045","constituent/id/1045/name"
"constituent/id/1047","constituent/id/1047/name"
"constituent/id/1048","constituent/id/1048/name"
"constituent/id/1049","constituent/id/1049/name"
"constituent/id/1050","constituent/id/1050/name"
"constituent/id/1051","constituent/id/1051/name"
"constituent/id/1052","constituent/id/1052/name"
"constituent/id/1055","constituent/id/1055/name"
"constituent/id/1056","constituent/id/1056/name"
"constituent/id/1059","constituent/id/1059/name"
"constituent/id/1060","constituent/id/1060/name"
"constituent/id/1061","constituent/id/1061/name"
"constituent/id/1062","constituent/id/1062/name"
"constituent/id/1063","constituent/id/1063/name"
"constituent/id/1064","constituent/id/1064/name"
"constituent/id/1065","constituent/id/1065/name"
"constituent/id/1066","constituent/id/1066/name"
"constituent/id/1067","constituent/id/1067/name"
"constituent/id/1068","constituent/id/1068/name"
"constituent/id/1069","constituent/id/1069/name"
"constituent/id/1070","constituent/id/1070/name"
"constituent/id/1071","constituent/id/1071/name"
"constituent/id/1072","constituent/id/1072/name"
"constituent/id/1073","constituent/id/1073/name"
"constituent/id/1074","constituent/id/1074/name"
"constituent/id/1075","constituent/id/1075/name"
"constituent/id/1076","constituent/id/1076/name"
"constituent/id/1077","constituent/id/1077/name"
"constituent/id/1078","constituent/id/1078/name"
"constituent/id/1079","constituent/id/1079/name"
"constituent/id/1080","constituent/id/1080/name"
"constituent/id/1082","constituent/id/1082/name"
"constituent/id/1083","constituent/id/1083/name"
"constituent/id/1084","constituent/id/1084/name"
"constituent/id/1085","constituent/id/1085/name"
"constituent/id/1086","constituent/id/1086/name"
"constituent/id/1087","constituent/id/1087/name"
"constituent/id/1088","constituent/id/1088/name"
"constituent/id/1089","constituent/id/1089/name"
"constituent/id/1090","constituent/id/1090/name"
"constituent/id/1091","constituent/id/1091/name"
"constituent/id/1092","constituent/id/1092/name"
"constituent/id/1093","constituent/id/1093/name"
"constituent/id/1094","constituent/id/1094/name"
"constituent/id/1095","constituent/id/1095/name"
"constituent/id/1096","constituent/id/1096/name"
"constituent/id/1097","constituent/id/1097/name"
"constituent/id/1098","constituent/id/1098/name"
