Sen. Lisa Murkowski [R-AK],Lisa Murkowski
Sen. Mark Begich [D-AK],Mark Begich
Rep. Don Young [R-AK0],Don Young
Sen. Jefferson Jeff Sessions [R-AL],Jefferson Jeff Sessions
Sen. Richard Shelby [R-AL],Richard Shelby
Rep. Terri Sewell [D-AL7],Terri Sewell
Rep. Mo Brooks [R-AL5],Mo Brooks
Rep. Martha Roby [R-AL2],Martha Roby
Rep. Mike Rogers [R-AL3],Mike Rogers
Rep. Spencer Bachus [R-AL6],Spencer Bachus
Rep. Robert Aderholt [R-AL4],Robert Aderholt
Sen. John Boozman [R-AR],John Boozman
Sen. Mark Pryor [D-AR],Mark Pryor
Rep. Tom Cotton [R-AR4],Tom Cotton
Rep. Steve Womack [R-AR3],Steve Womack
Rep. Tim Griffin [R-AR2],Tim Griffin
Rep. Eric Rick Crawford [R-AR1],Eric Rick Crawford
Del. Eni Faleomavaega [D-AS0],Eni Faleomavaega
Sen. John McCain [R-AZ],John McCain
Rep. Kyrsten Sinema [D-AZ9],Kyrsten Sinema
Rep. Ron Barber [D-AZ2],Ron Barber
Rep. David Schweikert [R-AZ6],David Schweikert
Rep. Paul Gosar [R-AZ4],Paul Gosar
Rep. Ann Kirkpatrick [D-AZ1],Ann Kirkpatrick
Rep. Matt Salmon [R-AZ5],Matt Salmon
Rep. Ed Pastor [D-AZ7],Ed Pastor
Rep. Raul Grijalva [D-AZ3],Raul Grijalva
Rep. Trent Franks [R-AZ8],Trent Franks
Sen. Jeff Flake [R-AZ],Jeff Flake
Sen. Barbara Boxer [D-CA],Barbara Boxer
Rep. Scott Peters [D-CA52],Scott Peters
Rep. Juan Vargas [D-CA51],Juan Vargas
Rep. Alan Lowenthal [D-CA47],Alan Lowenthal
Rep. Mark Takano [D-CA41],Mark Takano
Rep. Raul Ruiz [D-CA36],Raul Ruiz
Rep. Gloria Negrete McLeod [D-CA35],Gloria Negrete McLeod
Rep. Tony Cardenas [D-CA29],Tony Cardenas
Rep. Julia Brownley [D-CA26],Julia Brownley
Rep. David Valadao [R-CA21],David Valadao
Rep. Eric Swalwell [D-CA15],Eric Swalwell
Rep. Paul Cook [R-CA8],Paul Cook
Rep. Ami Bera [D-CA7],Ami Bera
Rep. Jared Huffman [D-CA2],Jared Huffman
Rep. Doug LaMalfa [R-CA1],Doug LaMalfa
Rep. Janice Hahn [D-CA44],Janice Hahn
Rep. Karen Bass [D-CA37],Karen Bass
Rep. Jeff Denham [R-CA10],Jeff Denham
Rep. John Garamendi [D-CA3],John Garamendi
Rep. Judy Chu [D-CA27],Judy Chu
Rep. Tom McClintock [R-CA4],Tom McClintock
Rep. Duncan Hunter [R-CA50],Duncan Hunter
Rep. Jackie Speier [D-CA14],Jackie Speier
Rep. Kevin McCarthy [R-CA23],Kevin McCarthy
Rep. Jerry McNerney [D-CA9],Jerry McNerney
Rep. John Campbell [R-CA45],John Campbell
Rep. Doris Matsui [D-CA6],Doris Matsui
Rep. Jim Costa [D-CA16],Jim Costa
Sen. Dianne Feinstein [D-CA],Dianne Feinstein
Rep. Henry Waxman [D-CA33],Henry Waxman
Rep. Maxine Waters [D-CA43],Maxine Waters
Rep. Mike Thompson [D-CA5],Mike Thompson
Rep. Brad Sherman [D-CA30],Brad Sherman
Rep. Adam Schiff [D-CA28],Adam Schiff
Rep. Loretta Sanchez [D-CA46],Loretta Sanchez
Rep. Linda Sanchez [D-CA38],Linda Sanchez
Rep. Edward Ed Royce [R-CA39],Edward Royce
Rep. Lucille Roybal-Allard [D-CA40],Lucille Roybal-Allard
Rep. Dana Rohrabacher [R-CA48],Dana Rohrabacher
Rep. Nancy Pelosi [D-CA12],Nancy Pelosi
Rep. Devin Nunes [R-CA22],Devin Nunes
Rep. Grace Napolitano [D-CA32],Grace Napolitano
Rep. George Miller [D-CA11],George Miller
Rep. Gary Miller [R-CA31],Gary Miller
Rep. Howard Buck McKeon [R-CA25],Howard Buck McKeon
Rep. Zoe Lofgren [D-CA19],Zoe Lofgren
Rep. Barbara Lee [D-CA13],Barbara Lee
Rep. Darrell Issa [R-CA49],Darrell Issa
Rep. Michael Mike Honda [D-CA17],Michael Mike Honda
Rep. Sam Farr [D-CA20],Sam Farr
Rep. Anna Eshoo [D-CA18],Anna Eshoo
Rep. Susan Davis [D-CA53],Susan Davis
Rep. Lois Capps [D-CA24],Lois Capps
Rep. Ken Calvert [R-CA42],Ken Calvert
Rep. Xavier Becerra [D-CA34],Xavier Becerra
Sen. Mark Udall [D-CO],Mark Udall
Sen. Michael Bennet [D-CO],Michael Bennet
Rep. Cory Gardner [R-CO4],Cory Gardner
Rep. Scott Tipton [R-CO3],Scott Tipton
Rep. Jared Polis [D-CO2],Jared Polis
Rep. Mike Coffman [R-CO6],Mike Coffman
Rep. Ed Perlmutter [D-CO7],Ed Perlmutter
Rep. Doug Lamborn [R-CO5],Doug Lamborn
Rep. Diana DeGette [D-CO1],Diana DeGette
Sen. Richard Blumenthal [D-CT],Richard Blumenthal
Rep. Elizabeth Esty [D-CT5],Elizabeth Esty
Rep. James Himes [D-CT4],James Himes
Sen. Christopher Murphy [D-CT],Christopher Murphy
Rep. Joe Courtney [D-CT2],Joe Courtney
Rep. John Larson [D-CT1],John Larson
Rep. Rosa DeLauro [D-CT3],Rosa DeLauro
Del. Eleanor Norton [D-DC0],Eleanor Norton
Sen. Chris Coons [D-DE],Chris Coons
Rep. John Carney [D-DE0],John Carney
Sen. Thomas Carper [D-DE],Thomas Carper
Sen. Marco Rubio [R-FL],Marco Rubio
Rep. Joe Garcia [D-FL26],Joe Garcia
Rep. Lois Frankel [D-FL22],Lois Frankel
Rep. Trey Radel [R-FL19],Trey Radel
Rep. Patrick Murphy [D-FL18],Patrick Murphy
Rep. Ron DeSantis [R-FL6],Ron DeSantis
Rep. Ted Yoho [R-FL3],Ted Yoho
Rep. Frederica Wilson [D-FL24],Frederica Wilson
Rep. Dennis Ross [R-FL15],Dennis Ross
Rep. Daniel Webster [R-FL10],Daniel Webster
Rep. Richard Nugent [R-FL11],Richard Nugent
Rep. Steve Southerland [R-FL2],Steve Southerland
Rep. Theodore Deutch [D-FL21],Theodore Deutch
Rep. Thomas Rooney [R-FL17],Thomas Rooney
Rep. Bill Posey [R-FL8],Bill Posey
Rep. Alan Grayson [D-FL9],Alan Grayson
Rep. Gus Bilirakis [R-FL12],Gus Bilirakis
Rep. Vern Buchanan [R-FL16],Vern Buchanan
Rep. Kathy Castor [D-FL14],Kathy Castor
Rep. Debbie Wasserman Schultz [D-FL23],Debbie Wasserman Schultz
Sen. Bill Nelson [D-FL],Bill Nelson
Rep. Ileana Ros-Lehtinen [R-FL27],Ileana Ros-Lehtinen
Rep. Jeff Miller [R-FL1],Jeff Miller
Rep. John Mica [R-FL7],John Mica
Rep. Alcee Hastings [D-FL20],Alcee Hastings
Rep. Mario Diaz-Balart [R-FL25],Mario Diaz-Balart
Rep. Ander Crenshaw [R-FL4],Ander Crenshaw
Rep. Corrine Brown [D-FL5],Corrine Brown
Sen. John Johnny Isakson [R-GA],John Johnny Isakson
Sen. Saxby Chambliss [R-GA],Saxby Chambliss
Rep. Doug Collins [R-GA9],Doug Collins
Rep. Austin Scott [R-GA8],Austin Scott
Rep. Rob Woodall [R-GA7],Rob Woodall
Rep. Tom Graves [R-GA14],Tom Graves
Rep. Paul Broun [R-GA10],Paul Broun
Rep. Henry Hank Johnson [D-GA4],Henry Hank Johnson
Rep. John Barrow [D-GA12],John Barrow
Rep. Lynn Westmoreland [R-GA3],Lynn Westmoreland
Rep. Tom Price [R-GA6],Tom Price
Rep. David Scott [D-GA13],David Scott
Rep. John Lewis [D-GA5],John Lewis
Rep. Jack Kingston [R-GA1],Jack Kingston
Rep. Phil Gingrey [R-GA11],Phil Gingrey
Rep. Sanford Bishop [D-GA2],Sanford Bishop
Del. Madeleine Bordallo [D-GU0],Madeleine Bordallo
Sen. Brian Schatz [D-HI],Brian Schatz
Rep. Tulsi Gabbard [D-HI2],Tulsi Gabbard
Rep. Colleen Hanabusa [D-HI1],Colleen Hanabusa
Sen. Mazie Hirono [D-HI],Mazie Hirono
Sen. Charles Chuck Grassley [R-IA],Charles Grassley
Sen. Thomas Tom Harkin [D-IA],Thomas Harkin
Rep. David Loebsack [D-IA2],David Loebsack
Rep. Bruce Braley [D-IA1],Bruce Braley
Rep. Tom Latham [R-IA3],Tom Latham
Rep. Steve King [R-IA4],Steve King
Sen. Michael Crapo [R-ID],Michael Crapo
Sen. James Risch [R-ID],James Risch
Rep. Raul Labrador [R-ID1],Raul Labrador
Rep. Michael Mike Simpson [R-ID2],Michael Mike Simpson
Sen. Mark Kirk [R-IL],Mark Kirk
Sen. Richard Durbin [D-IL],Richard Durbin
Rep. Cheri Bustos [D-IL17],Cheri Bustos
Rep. Rodney Davis [R-IL13],Rodney Davis
Rep. William Enyart [D-IL12],William Enyart
Rep. Bradley Schneider [D-IL10],Bradley Schneider
Rep. Tammy Duckworth [D-IL8],Tammy Duckworth
Rep. Randy Hultgren [R-IL14],Randy Hultgren
Rep. Adam Kinzinger [R-IL16],Adam Kinzinger
Rep. Mike Quigley [D-IL5],Mike Quigley
Rep. Aaron Schock [R-IL18],Aaron Schock
Rep. Bill Foster [D-IL11],Bill Foster
Rep. Peter Roskam [R-IL6],Peter Roskam
Rep. Daniel Lipinski [D-IL3],Daniel Lipinski
Rep. John Shimkus [R-IL15],John Shimkus
Rep. Janice Jan Schakowsky [D-IL9],Janice Schakowsky
Rep. Bobby Rush [D-IL1],Bobby Rush
Rep. Luis Gutierrez [D-IL4],Luis Gutierrez
Rep. Danny Davis [D-IL7],Danny Davis
Rep. Robin Kelly [D-IL2],Robin Kelly
Sen. Daniel Coats [R-IN],Daniel Coats
Rep. Luke Messer [R-IN6],Luke Messer
Rep. Susan Brooks [R-IN5],Susan Brooks
Rep. Jackie Walorski [R-IN2],Jackie Walorski
Rep. Todd Young [R-IN9],Todd Young
Rep. Larry Bucshon [R-IN8],Larry Bucshon
Rep. Todd Rokita [R-IN4],Todd Rokita
Rep. Marlin Stutzman [R-IN3],Marlin Stutzman
Rep. Andre Carson [D-IN7],Andre Carson
Sen. Joe Donnelly [D-IN],Joe Donnelly
Rep. Peter Visclosky [D-IN1],Peter Visclosky
Sen. Jerry Moran [R-KS],Jerry Moran
Sen. Pat Roberts [R-KS],Pat Roberts
Rep. Mike Pompeo [R-KS4],Mike Pompeo
Rep. Kevin Yoder [R-KS3],Kevin Yoder
Rep. Tim Huelskamp [R-KS1],Tim Huelskamp
Rep. Lynn Jenkins [R-KS2],Lynn Jenkins
Sen. Mitch McConnell [R-KY],Mitch McConnell
Sen. Rand Paul [R-KY],Rand Paul
Rep. Garland Andy Barr [R-KY6],Garland Barr
Rep. Thomas Massie [R-KY4],Thomas Massie
Rep. Brett Guthrie [R-KY2],Brett Guthrie
Rep. John Yarmuth [D-KY3],John Yarmuth
Rep. Ed Whitfield [R-KY1],Ed Whitfield
Rep. Harold Hal Rogers [R-KY5],Harold Hal Rogers
Sen. David Vitter [R-LA],David Vitter
Sen. Mary Landrieu [D-LA],Mary Landrieu
Rep. Cedric Richmond [D-LA2],Cedric Richmond
Rep. John Fleming [R-LA4],John Fleming
Rep. Bill Cassidy [R-LA6],Bill Cassidy
Rep. Steve Scalise [R-LA1],Steve Scalise
Rep. Charles Boustany [R-LA3],Charles Boustany
Rep. Joseph Kennedy [D-MA4],Joseph Kennedy
Sen. Elizabeth Warren [D-MA],Elizabeth Warren
Rep. William Keating [D-MA9],William Keating
Rep. Niki Tsongas [D-MA3],Niki Tsongas
Rep. John Tierney [D-MA6],John Tierney
Rep. Richard Neal [D-MA1],Richard Neal
Rep. James Jim McGovern [D-MA2],James Jim McGovern
Rep. Stephen Lynch [D-MA8],Stephen Lynch
Rep. Michael Capuano [D-MA7],Michael Capuano
Sen. Edward Ed Markey [D-MA],Edward Markey
Sen. Barbara Mikulski [D-MD],Barbara Mikulski
Rep. John Delaney [D-MD6],John Delaney
Rep. Andy Harris [R-MD1],Andy Harris
Rep. Donna Edwards [D-MD4],Donna Edwards
Rep. John Sarbanes [D-MD3],John Sarbanes
Rep. Chris Van Hollen [D-MD8],Chris Van Hollen
Rep. A. Dutch Ruppersberger [D-MD2],A. Dutch Ruppersberger
Rep. Steny Hoyer [D-MD5],Steny Hoyer
Rep. Elijah Cummings [D-MD7],Elijah Cummings
Sen. Benjamin Cardin [D-MD],Benjamin Cardin
Sen. Susan Collins [R-ME],Susan Collins
Sen. Angus King [I-ME],Angus King
Rep. Chellie Pingree [D-ME1],Chellie Pingree
Rep. Michael Michaud [D-ME2],Michael Michaud
Sen. Carl Levin [D-MI],Carl Levin
Rep. Kerry Bentivolio [R-MI11],Kerry Bentivolio
Rep. Daniel Kildee [D-MI5],Daniel Kildee
Rep. Justin Amash [R-MI3],Justin Amash
Rep. Bill Huizenga [R-MI2],Bill Huizenga
Rep. Dan Benishek [R-MI1],Dan Benishek
Rep. Gary Peters [D-MI14],Gary Peters
Rep. Tim Walberg [R-MI7],Tim Walberg
Sen. Debbie Stabenow [D-MI],Debbie Stabenow
Rep. Fred Upton [R-MI6],Fred Upton
Rep. Mike Rogers [R-MI8],Mike Rogers
Rep. Candice Miller [R-MI10],Candice Miller
Rep. Sander Levin [D-MI9],Sander Levin
Rep. John Dingell [D-MI12],John Dingell
Rep. John Conyers [D-MI13],John Conyers
Rep. Dave Camp [R-MI4],Dave Camp
Sen. Alan Al Franken [D-MN],Alan Franken
Rep. Erik Paulsen [R-MN3],Erik Paulsen
Sen. Amy Klobuchar [D-MN],Amy Klobuchar
Rep. Michele Bachmann [R-MN6],Michele Bachmann
Rep. Keith Ellison [D-MN5],Keith Ellison
Rep. Timothy Walz [D-MN1],Timothy Walz
Rep. Richard Nolan [D-MN8],Richard Nolan
Rep. Collin Peterson [D-MN7],Collin Peterson
Rep. Betty McCollum [D-MN4],Betty McCollum
Rep. John Kline [R-MN2],John Kline
Sen. Roy Blunt [R-MO],Roy Blunt
Rep. Ann Wagner [R-MO2],Ann Wagner
Rep. Billy Long [R-MO7],Billy Long
Rep. Vicky Hartzler [R-MO4],Vicky Hartzler
Rep. Blaine Luetkemeyer [R-MO3],Blaine Luetkemeyer
Sen. Claire McCaskill [D-MO],Claire McCaskill
Rep. Emanuel Cleaver [D-MO5],Emanuel Cleaver
Rep. Sam Graves [R-MO6],Sam Graves
Rep. Lacy Clay [D-MO1],Lacy Clay
Rep. Jason Smith [R-MO8],Jason Smith
Del. Gregorio Sablan [D-MP0],Gregorio Sablan
Sen. Thad Cochran [R-MS],Thad Cochran
Sen. Roger Wicker [R-MS],Roger Wicker
Rep. Steven Palazzo [R-MS4],Steven Palazzo
Rep. Alan Nunnelee [R-MS1],Alan Nunnelee
Rep. Gregg Harper [R-MS3],Gregg Harper
Rep. Bennie Thompson [D-MS2],Bennie Thompson
Sen. Max Baucus [D-MT],Max Baucus
Rep. Steve Daines [R-MT0],Steve Daines
Sen. Jon Tester [D-MT],Jon Tester
Sen. Richard Burr [R-NC],Richard Burr
Sen. Kay Hagan [D-NC],Kay Hagan
Rep. George Holding [R-NC13],George Holding
Rep. Mark Meadows [R-NC11],Mark Meadows
Rep. Robert Pittenger [R-NC9],Robert Pittenger
Rep. Richard Hudson [R-NC8],Richard Hudson
Rep. Renee Ellmers [R-NC2],Renee Ellmers
Rep. Patrick McHenry [R-NC10],Patrick McHenry
Rep. Virginia Foxx [R-NC5],Virginia Foxx
Rep. George G.K. Butterfield [D-NC1],Butterfield
Rep. Melvin Mel Watt [D-NC12],Melvin Watt
Rep. David Price [D-NC4],David Price
Rep. Mike McIntyre [D-NC7],Mike McIntyre
Rep. Walter Jones [R-NC3],Walter Jones
Rep. Howard Coble [R-NC6],Howard Coble
Sen. John Hoeven [R-ND],John Hoeven
Rep. Kevin Cramer [R-ND0],Kevin Cramer
Sen. Heidi Heitkamp [D-ND],Heidi Heitkamp
Sen. Mike Johanns [R-NE],Mike Johanns
Sen. Deb Fischer [R-NE],Deb Fischer
Rep. Adrian Smith [R-NE3],Adrian Smith
Rep. Jeff Fortenberry [R-NE1],Jeff Fortenberry
Rep. Lee Terry [R-NE2],Lee Terry
Sen. Jeanne Shaheen [D-NH],Jeanne Shaheen
Sen. Kelly Ayotte [R-NH],Kelly Ayotte
Rep. Ann Kuster [D-NH2],Ann Kuster
Rep. Carol Shea-Porter [D-NH1],Carol Shea-Porter
Rep. Donald Payne [D-NJ10],Donald Payne
Rep. Jon Runyan [R-NJ3],Jon Runyan
Rep. Leonard Lance [R-NJ7],Leonard Lance
Rep. Albio Sires [D-NJ8],Albio Sires
Rep. Christopher Chris Smith [R-NJ4],Christopher Chris Smith
Rep. Bill Pascrell [D-NJ9],Bill Pascrell
Rep. Frank Pallone [D-NJ6],Frank Pallone
Sen. Robert Bob Menendez [D-NJ],Robert Menendez
Rep. Frank LoBiondo [R-NJ2],Frank LoBiondo
Rep. Rush Holt [D-NJ12],Rush Holt
Rep. Scott Garrett [R-NJ5],Scott Garrett
Rep. Rodney Frelinghuysen [R-NJ11],Rodney Frelinghuysen
Rep. Robert Rob Andrews [D-NJ1],Robert Rob Andrews
Sen. Cory Booker [D-NJ],Cory Booker
Sen. Tom Udall [D-NM],Tom Udall
Rep. Michelle Lujan Grisham [D-NM1],Michelle Lujan Grisham
Rep. Ben Lujan [D-NM3],Ben Lujan
Sen. Martin Heinrich [D-NM],Martin Heinrich
Rep. Stevan Steve Pearce [R-NM2],Stevan Steve Pearce
Sen. Harry Reid [D-NV],Harry Reid
Rep. Steven Horsford [D-NV4],Steven Horsford
Rep. Mark Amodei [R-NV2],Mark Amodei
Rep. Joseph Heck [R-NV3],Joseph Heck
Rep. Dina Titus [D-NV1],Dina Titus
Sen. Dean Heller [R-NV],Dean Heller
Sen. Charles Schumer [D-NY],Charles Schumer
Rep. Chris Collins [R-NY27],Chris Collins
Rep. Sean Maloney [D-NY18],Sean Maloney
Rep. Hakeem Jeffries [D-NY8],Hakeem Jeffries
Rep. Grace Meng [D-NY6],Grace Meng
Rep. Richard Hanna [R-NY22],Richard Hanna
Rep. Christopher Gibson [R-NY19],Christopher Gibson
Rep. Michael Grimm [R-NY11],Michael Grimm
Rep. Tom Reed [R-NY23],Tom Reed
Rep. William Owens [D-NY21],William Owens
Rep. Paul Tonko [D-NY20],Paul Tonko
Rep. Daniel Maffei [D-NY24],Daniel Maffei
Sen. Kirsten Gillibrand [D-NY],Kirsten Gillibrand
Rep. Yvette Clarke [D-NY9],Yvette Clarke
Rep. Brian Higgins [D-NY26],Brian Higgins
Rep. Nydia Velazquez [D-NY7],Nydia Velazquez
Rep. Louise Slaughter [D-NY25],Louise Slaughter
Rep. Jose Serrano [D-NY15],Jose Serrano
Rep. Charles Rangel [D-NY13],Charles Rangel
Rep. Jerrold Nadler [D-NY10],Jerrold Nadler
Rep. Gregory Meeks [D-NY5],Gregory Meeks
Rep. Carolyn McCarthy [D-NY4],Carolyn McCarthy
Rep. Carolyn Maloney [D-NY12],Carolyn Maloney
Rep. Nita Lowey [D-NY17],Nita Lowey
Rep. Peter Pete King [R-NY2],Peter Pete King
Rep. Steve Israel [D-NY3],Steve Israel
Rep. Eliot Engel [D-NY16],Eliot Engel
Rep. Joseph Crowley [D-NY14],Joseph Crowley
Rep. Timothy Bishop [D-NY1],Timothy Bishop
Sen. Robert Rob Portman [R-OH],Robert Portman
Rep. David Joyce [R-OH14],David Joyce
Rep. Joyce Beatty [D-OH3],Joyce Beatty
Rep. Brad Wenstrup [R-OH2],Brad Wenstrup
Rep. Bob Gibbs [R-OH7],Bob Gibbs
Rep. James Renacci [R-OH16],James Renacci
Rep. Steve Stivers [R-OH15],Steve Stivers
Rep. Bill Johnson [R-OH6],Bill Johnson
Rep. Marcia Fudge [D-OH11],Marcia Fudge
Rep. Robert Latta [R-OH5],Robert Latta
Rep. Jim Jordan [R-OH4],Jim Jordan
Rep. Michael Turner [R-OH10],Michael Turner
Rep. Patrick Pat Tiberi [R-OH12],Patrick Pat Tiberi
Rep. Tim Ryan [D-OH13],Tim Ryan
Rep. Marcy Kaptur [D-OH9],Marcy Kaptur
Rep. Steve Chabot [R-OH1],Steve Chabot
Sen. Sherrod Brown [D-OH],Sherrod Brown
Rep. John Boehner [R-OH8],John Boehner
Sen. James Jim Inhofe [R-OK],James Jim Inhofe
Sen. Thomas Coburn [R-OK],Thomas Coburn
Rep. Markwayne Mullin [R-OK2],Markwayne Mullin
Rep. Jim Bridenstine [R-OK1],Jim Bridenstine
Rep. James Lankford [R-OK5],James Lankford
Rep. Frank Lucas [R-OK3],Frank Lucas
Rep. Tom Cole [R-OK4],Tom Cole
Sen. Ron Wyden [D-OR],Ron Wyden
Sen. Jeff Merkley [D-OR],Jeff Merkley
Rep. Suzanne Bonamici [D-OR1],Suzanne Bonamici
Rep. Kurt Schrader [D-OR5],Kurt Schrader
Rep. Greg Walden [R-OR2],Greg Walden
Rep. Peter DeFazio [D-OR4],Peter DeFazio
Rep. Earl Blumenauer [D-OR3],Earl Blumenauer
Sen. Patrick Pat Toomey [R-PA],Patrick Pat Toomey
Rep. Matthew Cartwright [D-PA17],Matthew Cartwright
Rep. Keith Rothfus [R-PA12],Keith Rothfus
Rep. Scott Perry [R-PA4],Scott Perry
Rep. Lou Barletta [R-PA11],Lou Barletta
Rep. Tom Marino [R-PA10],Tom Marino
Rep. Patrick Meehan [R-PA7],Patrick Meehan
Rep. Mike Kelly [R-PA3],Mike Kelly
Rep. Glenn Thompson [R-PA5],Glenn Thompson
Sen. Robert Bob Casey [D-PA],Robert Bob Casey
Rep. Bill Shuster [R-PA9],Bill Shuster
Rep. Charles Dent [R-PA15],Charles Dent
Rep. Allyson Schwartz [D-PA13],Allyson Schwartz
Rep. Michael Fitzpatrick [R-PA8],Michael Fitzpatrick
Rep. Joseph Pitts [R-PA16],Joseph Pitts
Rep. Tim Murphy [R-PA18],Tim Murphy
Rep. Jim Gerlach [R-PA6],Jim Gerlach
Rep. Chaka Fattah [D-PA2],Chaka Fattah
Rep. Michael Mike Doyle [D-PA14],Michael Mike Doyle
Rep. Robert Brady [D-PA1],Robert Brady
Commish. Pedro Pierluisi [D-PR0],Pedro Pierluisi
Sen. John Jack Reed [D-RI],John Jack Reed
Rep. David Cicilline [D-RI1],David Cicilline
Sen. Sheldon Whitehouse [D-RI],Sheldon Whitehouse
Rep. James Jim Langevin [D-RI2],James Jim Langevin
Sen. Lindsey Graham [R-SC],Lindsey Graham
Rep. Tom Rice [R-SC7],Tom Rice
Rep. Mick Mulvaney [R-SC5],Mick Mulvaney
Rep. Trey Gowdy [R-SC4],Trey Gowdy
Rep. Jeff Duncan [R-SC3],Jeff Duncan
Sen. Tim Scott [R-SC],Tim Scott
Rep. Joe Wilson [R-SC2],Joe Wilson
Rep. James Jim Clyburn [D-SC6],James Jim Clyburn
Rep. Marshall Mark Sanford [R-SC1],Marshall Mark Sanford
Sen. Tim Johnson [D-SD],Tim Johnson
Sen. John Thune [R-SD],John Thune
Rep. Kristi Noem [R-SD0],Kristi Noem
Sen. Lamar Alexander [R-TN],Lamar Alexander
Rep. John Jimmy Duncan [R-TN2],John Jimmy Duncan
Rep. Stephen Fincher [R-TN8],Stephen Fincher
Rep. Diane Black [R-TN6],Diane Black
Rep. Scott DesJarlais [R-TN4],Scott DesJarlais
Rep. Charles Chuck Fleischmann [R-TN3],Charles Chuck Fleischmann
Rep. David Phil Roe [R-TN1],David Roe
Sen. Bob Corker [R-TN],Bob Corker
Rep. Steve Cohen [D-TN9],Steve Cohen
Rep. Jim Cooper [D-TN5],Jim Cooper
Rep. Marsha Blackburn [R-TN7],Marsha Blackburn
Sen. John Cornyn [R-TX],John Cornyn
Rep. Filemon Vela [D-TX34],Filemon Vela
Rep. Marc Veasey [D-TX33],Marc Veasey
Rep. Roger Williams [R-TX25],Roger Williams
Rep. Pete Gallego [D-TX23],Pete Gallego
Rep. Joaquin Castro [D-TX20],Joaquin Castro
Rep. Beto O'Rourke [D-TX16],Beto O'Rourke
Rep. Randy Weber [R-TX14],Randy Weber
Sen. Ted Cruz [R-TX],Ted Cruz
Rep. Blake Farenthold [R-TX27],Blake Farenthold
Rep. Bill Flores [R-TX17],Bill Flores
Rep. Pete Olson [R-TX22],Pete Olson
Rep. Steve Stockman [R-TX36],Steve Stockman
Rep. Henry Cuellar [D-TX28],Henry Cuellar
Rep. Kenny Marchant [R-TX24],Kenny Marchant
Rep. Michael Conaway [R-TX11],Michael Conaway
Rep. Michael McCaul [R-TX10],Michael McCaul
Rep. Al Green [D-TX9],Al Green
Rep. Ted Poe [R-TX2],Ted Poe
Rep. Louie Gohmert [R-TX1],Louie Gohmert
Rep. Randy Neugebauer [R-TX19],Randy Neugebauer
Rep. Mac Thornberry [R-TX13],Mac Thornberry
Rep. Lamar Smith [R-TX21],Lamar Smith
Rep. Pete Sessions [R-TX32],Pete Sessions
Rep. Sheila Jackson Lee [D-TX18],Sheila Jackson Lee
Rep. Eddie Johnson [D-TX30],Eddie Johnson
Rep. Sam Johnson [R-TX3],Sam Johnson
Rep. Ruben Hinojosa [D-TX15],Ruben Hinojosa
Rep. Jeb Hensarling [R-TX5],Jeb Hensarling
Rep. Ralph Hall [R-TX4],Ralph Hall
Rep. Gene Green [D-TX29],Gene Green
Rep. Kay Granger [R-TX12],Kay Granger
Rep. Lloyd Doggett [D-TX35],Lloyd Doggett
Rep. John Culberson [R-TX7],John Culberson
Rep. John Carter [R-TX31],John Carter
Rep. Michael Burgess [R-TX26],Michael Burgess
Rep. Kevin Brady [R-TX8],Kevin Brady
Rep. Joe Barton [R-TX6],Joe Barton
Sen. Mike Lee [R-UT],Mike Lee
Rep. Chris Stewart [R-UT2],Chris Stewart
Rep. Jason Chaffetz [R-UT3],Jason Chaffetz
Sen. Orrin Hatch [R-UT],Orrin Hatch
Rep. Jim Matheson [D-UT4],Jim Matheson
Rep. Rob Bishop [R-UT1],Rob Bishop
Sen. Mark Warner [D-VA],Mark Warner
Sen. Timothy Kaine [D-VA],Timothy Kaine
Rep. Morgan Griffith [R-VA9],Morgan Griffith
Rep. Robert Hurt [R-VA5],Robert Hurt
Rep. Scott Rigell [R-VA2],Scott Rigell
Rep. Gerald Connolly [D-VA11],Gerald Connolly
Rep. Robert Wittman [R-VA1],Robert Wittman
Rep. Frank Wolf [R-VA10],Frank Wolf
Rep. Robert Bobby Scott [D-VA3],Robert Bobby Scott
Rep. James Jim Moran [D-VA8],James Jim Moran
Rep. Bob Goodlatte [R-VA6],Bob Goodlatte
Rep. Randy Forbes [R-VA4],Randy Forbes
Rep. Eric Cantor [R-VA7],Eric Cantor
Del. Donna Christensen [D-VI0],Donna Christensen
Sen. Patrick Leahy [D-VT],Patrick Leahy
Rep. Peter Welch [D-VT0],Peter Welch
Sen. Bernard Bernie Sanders [I-VT],Bernard Sanders
Sen. Patty Murray [D-WA],Patty Murray
Rep. Denny Heck [D-WA10],Denny Heck
Rep. Derek Kilmer [D-WA6],Derek Kilmer
Rep. Suzan DelBene [D-WA1],Suzan DelBene
Rep. Jaime Herrera Beutler [R-WA3],Jaime Herrera Beutler
Rep. David Reichert [R-WA8],David Reichert
Rep. Cathy McMorris Rodgers [R-WA5],Cathy McMorris Rodgers
Sen. Maria Cantwell [D-WA],Maria Cantwell
Rep. Adam Smith [D-WA9],Adam Smith
Rep. Jim McDermott [D-WA7],Jim McDermott
Rep. Rick Larsen [D-WA2],Rick Larsen
Rep. Doc Hastings [R-WA4],Doc Hastings
Sen. Ron Johnson [R-WI],Ron Johnson
Rep. Mark Pocan [D-WI2],Mark Pocan
Rep. Reid Ribble [R-WI8],Reid Ribble
Rep. Sean Duffy [R-WI7],Sean Duffy
Rep. Gwen Moore [D-WI4],Gwen Moore
Rep. James Sensenbrenner [R-WI5],James Sensenbrenner
Rep. Paul Ryan [R-WI1],Paul Ryan
Rep. Thomas Tom Petri [R-WI6],Thomas Petri
Rep. Ron Kind [D-WI3],Ron Kind
Sen. Tammy Baldwin [D-WI],Tammy Baldwin
Sen. John Jay Rockefeller [D-WV],John Rockefeller
Rep. David McKinley [R-WV1],David McKinley
Sen. Joe Manchin [D-WV],Joe Manchin
Rep. Nick Rahall [D-WV3],Nick Rahall
Rep. Shelley Capito [R-WV2],Shelley Capito
Sen. Michael Enzi [R-WY],Michael Enzi
Rep. Cynthia Lummis [R-WY0],Cynthia Lummis
Sen. John Barrasso [R-WY],John Barrasso
