Nancy,Nancy
Andrew Cencici,Andrew
Jan Kotas,Jan
Mariya Sergienko,Mariya
Launa,Launa
Lakenya,Lakenya
Bradford Lango,Bradford
Rudolf,Rudolf
Lara Constable,Lara
Madelaine Ghoston,Madelaine
Salley,Salley
Micha Junkin,Micha
Coralee Scalia,Coralee
Jeff,Jeff
Vena,Vena
Karrie Lain,Karrie
Tobias Dermody,Tobias
Celsa Hopkins,Celsa
Kimberley Halpern,Kimberley
Phillip Rowden,Phillip
Lashanda Cortes,Lashanda
Georgina,Georgina
Beata,Beata
Desiree Seamons,Desiree
Jeanice,Jeanice
Mariel,Mariel
Jacqualine,Jacqualine
Joaquin Clasen,Joaquin
Malissa,Malissa
Alaina,Alaina
Trinidad,Trinidad
Carlene Garrard,Carlene
Bess,Bess
Chong Aylward,Chong
Jacquiline Heintz,Jacquiline
Hayley Marquess,Hayley
Andria Spagnoli,Andria
Irwin,Irwin
Gertude Montiel,Gertude
Stefany Reily,Stefany
Cruz,Cruz
Annalisa,Annalisa
